0,48,0,0,33,5.399948438,65.3344014,0,19,4.437250517,43.0195202,0,30,5.347280624,60.8035528,0,20,4.530774076,45.0997015,,6.103277808,-0.264449083,0.446416961,-0.502046191,9.666745533,-0.488468528
1,17,0,1,25,4.66599141,47.9585623,1,63,5.692651555,74.21740713,1,23,4.388910426,44.95215106,1,103,5.916800134,81.39907086,,32.72231654,,0.650949204,,15.91627022,
2,12,0,2,18,3.284499431,29.44845145,2,14,2.706988853,22.55239718,2,13,2.52504764,20.72651452,2,10,1.77364813,14.62763013,,2.861380786,,0.53977923,,5.283326747,
3,15,0,3,21,3.728577728,29.23355517,3,17,3.524779828,23.42998359,3,12,1.490473778,14.47847048,3,11,1.295136247,12.60557569,,4.023369235,,1.121387218,,6.748559094,
4,34,0,4,35,4.045167575,41.31270571,4,24,2.960929529,29.56953981,4,47,4.46595989,46.21239581,4,24,2.921882616,29.52233974,,9.5,,0.673851945,,7.316362201,
5,49,0,5,65,3.715655674,42.35629609,5,119,4.470995953,51.29524829,5,29,3.163163458,30.34120376,5,41,3.290608679,37.23516608,,34.56515587,,0.510908123,,7.643534413,
6,71,0,6,41,3.051069017,32.22174457,6,31,2.965369296,27.37546022,6,80,3.990936986,43.04724013,6,48,3.438776146,32.30505683,,18.34393633,,0.404799162,,5.73359005,
7,56,0,7,90,3.880963921,40.04662603,7,89,4.020179186,43.17320989,7,57,3.272553643,32.43459687,7,116,3.762165958,40.32028031,,20.91650066,,0.281612756,,3.979905946,
8,87,0,8,45,2.820459131,24.88469344,8,70,3.192049629,30.79984737,8,60,3.020315944,27.60318567,8,37,2.42822853,21.93362423,,12.82575534,,0.284533579,,3.27929624,
9,100,0,9,63,2.508465048,20.54907084,9,26,1.758118441,11.46789799,9,45,2.266817754,19.0370007,9,54,2.472843457,21.19761754,,13.69306394,,0.299451141,,3.88749351,
10,41,0,10,57,1.906439835,15.64298728,10,81,2.176268205,17.52303151,10,47,1.807720206,13.91733661,10,17,0.291062368,5.246643019,,22.95103484,,0.736634108,,4.700319725,
11,83,0,11,56,1.672916076,12.50876722,11,31,0.868128131,9.350701859,11,67,1.732921002,12.80478553,11,48,1.574829253,11.3818152,,13.12440475,,0.347598137,,1.355820427,
12,77,0,12,60,1.6027003,11.44272335,12,24,0.349300109,6.598154777,12,90,1.620006387,12.21412138,12,69,1.739298701,12.01803249,,23.84716964,,0.567394916,,2.309606115,
13,91,0,13,43,1.074034131,8.255369292,13,48,1.183336047,8.985021449,13,89,1.837400824,11.60768139,13,126,1.68451284,11.58663206,,33.69347118,,0.323043487,,1.510688301,
14,111,0,14,65,1.20622101,9.591883161,14,69,1.366705905,8.953030164,14,192,1.622257555,8.873740445,14,105,1.552357752,9.751326164,,51.07531204,,0.162656019,,0.384301659,
15,76,0,15,39,0.467397319,5.849390567,15,86,1.13192159,8.694151361,15,77,1.168569127,7.309091693,15,35,0.197822069,6.714998356,,22.5208237,,0.419980656,,1.035647503,
16,61,0,16,79,1.032702036,7.114151179,16,133,0.334215059,9.583125542,16,63,0.750163485,6.364821891,16,85,0.811202537,7.035387316,,26.0959767,,0.252615076,,1.223765678,
17,177,0,17,52,0.608292103,6.011390958,17,63,0.793337242,6.128093038,17,46,0.56205239,5.546176465,17,74,0.884715595,6.391120966,,10.709225,,0.131990528,,0.305775712,
18,53,0,18,70,0.75980625,5.828184784,18,73,0.783485991,5.19497086,18,148,0.069854202,5.151425117,18,36,-0.100784429,4.845510026,,40.91683639,,0.398240892,,0.357265338,
19,30,0,19,67,0.721926084,5.071023078,19,38,0.216311425,5.291665615,19,46,0.307100604,5.539600953,19,106,0.954600009,5.328403928,,26.32845419,,0.301499555,,0.166192485,
20,49,0,20,79,0.447826844,4.05193276,20,116,0.782755517,5.948437093,20,99,0.858523701,5.098789289,20,87,0.247381356,3.8607397,,13.93511751,,0.248355692,,0.841959791,
21,145,0,21,117,0.726809989,3.620762421,21,110,0.529155706,3.415090447,21,158,0.546647308,3.359848266,21,93,0.712581322,5.162482119,,23.87990787,,0.091245984,,0.741333045,
22,112,0,22,200,0.657449132,3.545983314,22,124,0.650725992,3.039997695,22,87,0.211579952,3.673063879,22,60,0.328673113,5.663850558,,52.64206968,,0.196407788,,1.000191882,
23,172,0,23,141,0.620903398,2.412141694,23,77,0.03041296,5.900721131,23,100,0.283749025,2.776456092,23,103,0.163764996,2.524677579,,22.96056402,,0.21904418,,1.447792939,
24,142,0,24,200,0.628429081,3.167069771,24,70,-0.483116347,5.975039977,24,188,0.658762663,2.094097327,24,65,0.209427023,4.298907328,,63.41677617,,0.460802466,,1.437214025,
25,200,1,25,139,0.02560769,3.438598168,25,136,0.232972733,4.125536854,25,200,0.45444666,2.987863527,25,134,0.147895421,1.973115233,,27.6258484,,0.156548699,,0.781809609,
26,127,0,26,177,0.339648745,1.641790554,26,173,0.473119157,1.904949501,26,97,0.286558442,2.340642413,26,200,0.458663732,2.203881244,,38.77740966,,0.078831937,,0.270587857,
27,131,0,27,136,0.061802714,2.146312824,27,144,0.308938574,1.495831593,27,123,0.007498103,1.719166971,27,127,-0.46399027,10.08436002,,8.139410298,,0.279628104,,3.600410799,
28,100,0,28,51,-0.609756154,8.934355097,28,134,-0.064783945,3.63587813,28,121,-0.007846218,2.706235489,28,163,0.080299207,3.124222847,,41.16050899,,0.270130446,,2.523907051,
29,111,0,29,85,0.086337489,4.312767699,29,75,-0.276935346,5.700932259,29,55,-0.259472026,6.54098721,29,85,0.125184071,3.64182499,,12.24744871,,0.187587602,,1.137235788,
30,151,0,30,188,0.719491683,2.153211087,30,165,1.280898118,6.745430429,30,144,1.112555907,4.865640613,30,139,1.081407881,4.38020826,,19.37782238,,0.204598029,,1.634946464,
31,200,1,31,184,0.198568773,1.577700496,31,182,0.358206951,1.184703543,31,185,0.636323721,2.170823646,31,153,-0.023913796,2.26907711,,13.32291259,,0.240558077,,0.443156006,
32,79,0,32,123,-0.301785346,3.877637541,32,138,-0.076387704,1.661703922,32,130,-0.147055605,2.290871663,32,165,-0.044450072,2.439160143,,15.92168333,,0.099218412,,0.810851584,
33,200,1,33,112,-0.088670499,3.282062945,33,100,-0.08681889,2.667823154,33,77,-0.278318601,4.833349718,33,146,-0.639652148,8.22012317,,24.9136007,,0.225334375,,2.152846882,
34,162,0,34,200,0.518720129,1.481414934,34,200,0.615402906,1.766629291,34,200,0.45735476,1.58267186,34,133,-0.20433214,6.454433111,,29.01185103,,0.323138145,,2.100087984,
35,200,1,35,170,-0.23968464,5.148945351,35,200,0.027770171,3.718538929,35,200,0.49153263,1.752833793,35,200,0.597924533,3.327509544,,12.99038106,,0.340887697,,1.20917764,
36,194,0,36,172,0.477928254,2.061089415,36,168,-0.273504689,4.119269229,36,91,-0.347327518,4.218961402,36,200,0.135433293,2.069547764,,40.46217369,,0.332484909,,1.052492957,
37,200,1,37,200,0.154480488,1.581924369,37,143,0.150125738,1.294200212,37,192,0.410616353,1.801458842,37,163,0.182519927,1.392540644,,22.80898946,,0.108207982,,0.193817411,
38,200,1,38,200,0.214676513,1.330213803,38,200,0.291267262,1.457571962,38,200,0.124640846,1.237992262,38,200,-0.344250134,4.940282904,,0,,0.247219163,,1.560083543,
39,125,0,39,120,-0.305746183,3.875168912,39,171,-0.084531489,2.122178314,39,175,-0.020461959,1.971614923,39,200,0.084101173,1.911223121,,29.05598045,,0.142692703,,0.814877118,
40,136,0,40,165,0.043132068,1.549462309,40,134,0.086131221,1.814247613,40,200,0.095337186,2.088900016,40,161,0.109674983,1.760503074,,23.46273641,,0.024807877,,0.192322885,
41,136,0,41,200,0.046251279,2.531328908,41,144,0.202260321,1.659049406,41,167,0.49339931,2.128855063,41,195,0.471465767,1.654335564,,22.588714,,0.187550345,,0.365537479,
42,95,0,42,158,0.051947016,1.51020578,42,193,0.186157658,1.268321802,42,121,-0.190981166,2.427096076,42,200,0.043812544,2.013518963,,31.45631892,,0.135719536,,0.448723362,
43,142,0,43,103,-0.058498281,3.05872441,43,49,-0.878750634,8.797529903,43,176,0.099395295,1.857186834,43,85,-0.240427894,4.654528258,,46.28377145,,0.371697783,,2.623000602,
44,200,1,44,87,-0.232090006,3.121605103,44,151,0.356985087,1.649805641,44,200,0.222607243,1.932656472,44,144,0.195209959,1.449279657,,40.07804885,,0.220981267,,0.648572149,
45,120,0,45,68,-0.586606496,5.249935159,45,100,0.013604306,2.477745927,45,144,0.289387082,1.686890931,45,115,-0.026923269,2.513986284,,27.39867698,,0.318061898,,1.350383864,
46,104,0,46,78,-0.322751266,5.0504654,46,160,0.021850485,1.705970936,46,116,-0.072627517,2.974370861,46,80,-0.322210153,4.298069239,,33.35790761,,0.152255513,,1.278228782,
47,170,0,47,96,0.09551704,1.898796163,47,113,0.206471695,1.659641317,47,177,0.547310374,1.853573796,47,167,-0.527127191,4.740547089,,34.46284231,,0.388335261,,1.274730202,
48,200,1,48,200,-0.025817819,1.336453768,48,200,-0.601727096,4.983238142,48,142,0.502966954,2.0126544,48,163,-0.663847817,8.659637506,,24.88347845,,0.47460719,,2.892965262,
49,134,0,49,161,0.217691865,1.734965176,49,200,0.182108467,1.422417607,49,125,0.20562981,1.73591713,49,157,0.229068538,1.653591075,,26.6117925,,0.017408647,,0.128162332,
50,194,0,50,90,-0.140912774,3.095622624,50,143,0.116735755,1.803331017,50,156,0.11622312,1.928825355,50,200,-0.02440741,2.264160958,,39.22610738,,0.107753693,,0.503942271,
51,165,0,51,158,0.394772943,1.793654558,51,167,-0.198136581,4.930979878,51,157,0.344012127,1.340396575,51,83,-0.122117025,3.181404455,,33.855391,,0.266724833,,1.399033492,
52,171,0,52,139,0.15615361,1.702477804,52,165,-0.213127421,4.191229568,52,194,0.220842989,0.975346904,52,151,-0.184243763,3.622298996,,20.51066796,,0.195205569,,1.324770187,
53,130,0,53,165,0.240994259,1.201928101,53,200,-0.052960546,2.087706344,53,165,0.302375337,1.458587048,53,200,0.194385263,1.274153443,,17.5,,0.134966398,,0.348870372,
54,200,1,54,189,0.226509953,1.077350082,54,167,0.301512275,1.37847704,54,200,0.258699225,1.337474852,54,168,-0.492298948,5.680767592,,14.05346932,,0.327806651,,1.915812036,
55,142,0,55,83,-0.29948013,3.815403293,55,140,0.053973095,1.294755609,55,200,-0.108751502,1.94033273,55,167,0.2276307,1.358322946,,42.87481778,,0.195086786,,1.020610853,
56,153,0,56,158,0.114341972,1.331719746,56,122,-0.105570885,1.823103297,56,160,0.025246386,1.164558699,56,200,-0.124766345,2.394618554,,27.60434748,,0.097934263,,0.479095007,
57,200,1,57,187,0.377974772,1.470675705,57,183,-0.424428666,4.673269724,57,98,-0.040894627,1.924751421,57,200,0.033039031,1.516507574,,40.32988966,,0.285057533,,1.326439241,
58,200,1,58,200,0.424578673,2.371606552,58,200,0.183976747,2.219916521,58,200,0.095108654,1.524636837,58,200,-0.05876881,3.119877156,,0,,0.175101004,,0.566701593,
59,179,0,59,200,0.183143364,1.644884648,59,200,0.088839172,2.188243993,59,171,-0.379392713,4.701319482,59,200,-0.020408885,1.84520724,,12.55736835,,0.213134239,,1.231558011,
60,159,0,60,200,0.104088897,1.864491688,60,173,0.270899017,2.015513608,60,200,0.312628183,1.939835712,60,200,0.141679627,2.07749368,,11.69134295,,0.086743046,,0.079989289,
61,200,1,61,200,0.054352729,1.890931645,61,200,0.161469448,1.824424337,61,114,-0.155039972,4.400745031,61,200,0.129951458,1.875540953,,37.23909236,,0.123345596,,1.098877842,
62,188,0,62,200,0.209399401,1.821493736,62,200,0.298186934,1.994170071,62,200,0.171534198,2.104063344,62,200,0.24990513,2.10908628,,0,,0.047084873,,0.116640384,
63,200,1,63,200,0.180475067,1.753272803,63,152,0.030554011,2.65707482,63,200,0.074370457,1.617476218,63,200,0.174741341,1.650711572,,20.78460969,,0.064493976,,0.428693833,
64,200,1,64,200,0.125149971,1.600043246,64,200,0.251664221,1.69567075,64,200,0.055350588,1.900403432,64,200,0.169258865,1.61353823,,0,,0.071207525,,0.120024956,
65,200,1,65,200,-0.140713431,1.901183719,65,200,0.003456287,1.862091099,65,200,0.119979025,1.611972073,65,198,0.21244878,1.592586814,,0.866025404,,0.132116208,,0.140528363,
66,200,1,66,141,0.211208415,2.017985043,66,200,-0.028363979,1.613995799,66,200,0.107181717,1.866660645,66,200,0.006091721,1.667332668,,25.54774941,,0.09356427,,0.16114424,
67,200,1,67,200,0.057200577,1.910783238,67,200,0.165116035,1.826931447,67,200,-0.113214643,1.667249012,67,200,0.04746364,1.41614176,,0,,0.09934456,,0.188466133,
68,200,1,68,153,0.35219585,2.48038885,68,200,0.06181028,1.901862344,68,200,0.056725914,1.782465803,68,200,0.061270184,1.503855606,,20.35159699,,0.126567867,,0.3558173,
69,200,1,69,131,0.362498499,2.451623949,69,155,0.539999554,2.148957317,69,200,0.272906401,1.818642545,69,200,0.377311902,1.690787642,,29.7363414,,0.096326054,,0.296491843,
70,179,0,70,148,0.267203313,1.908556597,70,200,0.041799316,1.683143592,70,200,-0.01912253,2.276942748,70,101,-0.003934677,2.922398947,,41.24545429,,0.11520064,,0.468998978,
71,120,0,71,200,-0.041997856,1.708037968,71,200,0.171013756,1.738845244,71,166,0.183642905,2.08068119,71,200,0.099960108,1.495220137,,14.72243186,,0.089669772,,0.209772666,
72,149,0,72,134,0.003068065,1.993270732,72,200,-0.040481282,1.678547425,72,141,0.229000819,1.789991009,72,174,0.244757081,1.687663733,,26.51768278,,0.128837476,,0.126674458,
73,155,0,73,200,0.37193756,1.79832915,73,200,-0.034832217,1.421024473,73,185,0.091933738,1.31486509,73,200,0.025742152,1.168068257,,6.495190528,,0.155691048,,0.233202042,
74,200,1,74,200,-0.055400755,1.416159122,74,200,0.003079582,2.33331748,74,200,0.532279913,2.137681438,74,134,0.446774082,2.131983924,,28.57883832,,0.260431989,,0.349376246,
75,199,0,75,200,-0.327659629,2.297798148,75,163,0.244270176,1.910475265,75,155,0.275607992,1.815860234,75,200,0.006186719,1.427652237,,20.69420209,,0.24144649,,0.309456439,
76,187,0,76,200,-0.056460153,1.474592307,76,200,0.02937155,1.307564034,76,200,0.140528388,1.354196046,76,200,0.332348002,1.688744335,,0,,0.145406474,,0.147404698,
77,200,1,77,126,0.200650399,1.908652933,77,185,-0.198060173,2.025689499,77,191,-0.222517084,1.969070639,77,164,-0.230745279,2.132915375,,25.44110847,,0.181293483,,0.082609655,
78,174,0,78,200,0.060179611,1.520412057,78,200,0.094127201,1.693979372,78,200,-0.078748315,1.397102273,78,199,0.303668174,1.461510978,,0.433012702,,0.136879469,,0.110432756,
79,200,1,79,200,0.13627153,2.300628578,79,200,-0.023040695,1.482116458,79,200,0.041653278,1.454167867,79,200,0.01657217,1.546886718,,0,,0.058653904,,0.350727611,
80,200,1,80,200,-0.079696759,1.779757218,80,200,-0.061427489,1.488537832,80,164,0.451185793,2.104827797,80,200,0.072888008,1.960541446,,15.58845727,,0.213508549,,0.230024704,
81,157,0,81,200,-0.142081038,1.811660456,81,192,0.316696887,1.444456339,81,200,0.200303505,1.3075941,81,200,-0.068218447,1.750049213,,3.464101615,,0.188243744,,0.209255003,
82,200,1,82,200,-0.09747909,1.996177457,82,200,0.160239169,1.398918181,82,200,-0.051894996,1.50468676,82,200,-0.003951556,1.39433498,,0,,0.097308171,,0.247977019,
83,200,1,83,200,-0.105369715,1.926402832,83,133,-0.186079359,2.976349717,83,200,-0.130588803,1.938808814,83,200,-0.04134689,1.684367437,,29.01185103,,0.051985442,,0.49822016,
84,200,1,84,148,0.021917521,1.860717002,84,113,-0.032684954,2.397840873,84,200,0.049485686,1.341874113,84,200,0.047281888,1.716043141,,36.88749788,,0.033106223,,0.379023988,
85,200,1,85,200,0.099315904,1.790040821,85,185,0.128023961,1.319188747,85,200,0.083465275,1.242969929,85,164,0.085532489,1.387847874,,14.75423668,,0.017784566,,0.211284821,
86,135,0,86,200,0.233169986,2.28703557,86,140,0.0814003,1.575204071,86,138,0.079582001,1.6236081,86,195,0.046147381,1.094012913,,29.31190031,,0.072441662,,0.42459555,
87,200,1,87,159,0.201160305,1.495349978,87,122,0.215749168,1.400091024,87,177,0.197454148,1.011509928,87,166,-0.058254961,1.524814259,,20.65187643,,0.114106028,,0.205255343,
88,174,0,88,176,0.252158185,1.200774364,88,158,0.252369402,1.623017205,88,171,0.269129923,1.447330174,88,200,0.291518252,1.619363589,,15.2048512,,0.016109167,,0.17225898,
89,200,1,89,200,-0.063880191,1.414917373,89,200,0.004698872,1.252290716,89,198,-0.159243367,1.366463574,89,180,-0.073783737,1.415300115,,8.411301921,,0.058221146,,0.06651497,
90,200,1,90,187,0.343279946,1.981432429,90,200,0.021489512,1.341032231,90,200,0.00521541,1.585767457,90,200,-0.050610591,1.861710951,,5.629165125,,0.154427629,,0.248513441,
91,200,1,91,200,0.016163138,1.399924178,91,200,0.059056227,1.081081936,91,200,-0.056981892,2.096794121,91,200,-0.054867507,2.087917243,,0,,0.049170175,,0.440602565,
92,200,1,92,200,0.017503895,1.890224639,92,200,0.14730784,1.569101537,92,200,0.005116223,1.380031925,92,200,0.255942992,1.287317468,,0,,0.102710102,,0.230577977,
93,197,0,93,180,0.274691364,1.438918303,93,171,0.15032974,1.429036974,93,166,0.211905918,1.182023328,93,166,0.220417697,1.108929717,,5.717298313,,0.044109136,,0.146588755,
94,200,1,94,200,-0.0704912,1.727119339,94,200,-0.009685106,1.405409235,94,200,-0.037466871,2.363222923,94,140,-0.065503761,1.463301464,,25.98076211,,0.024349638,,0.379830738,
95,147,0,95,200,-0.076782835,1.726412183,95,200,-0.034925222,1.661421844,95,200,0.02057989,1.068459721,95,200,-0.102433348,2.052886678,,0,,0.046542944,,0.355110547,
96,200,1,96,200,0.198399072,1.480198422,96,200,0.302967725,1.814060231,96,200,0.312199193,1.453569336,96,177,0.442630095,2.877137361,,9.959292144,,0.086651919,,0.578264851,
97,154,0,97,159,0.059494773,1.084185667,97,150,0.073964022,1.285275546,97,130,0.070139582,1.357055365,97,200,-0.03637646,1.661583906,,25.49877448,,0.045448652,,0.207331512,
98,200,1,98,167,0.176859229,0.993127933,98,113,0.046543446,1.30490482,98,200,0.038043799,0.971545315,98,166,0.153645182,1.008505991,,31.16488408,,0.062097466,,0.136531599,
99,149,0,99,164,0.212448573,1.21183341,99,184,0.134519128,0.795703396,99,181,0.183022715,0.88122442,99,200,0.173877082,0.966684013,,12.77448629,,0.027852209,,0.155405976,
100,165,0,100,150,0.111148685,1.099875174,100,168,0.004188409,0.979983511,100,152,-0.171955013,1.170740451,100,145,0.140502945,1.08278228,,8.613216588,,0.122394856,,0.068181973,
101,200,1,101,200,0.003733634,0.950059271,101,200,0.338763706,2.067851396,101,200,-0.029759429,1.885696899,101,200,0.011292057,1.581863425,,0,,0.149615396,,0.424686123,
102,200,1,102,200,-0.010571512,1.661677253,102,163,0.033282022,0.954126429,102,200,-0.083076594,2.152623895,102,200,0.041975516,1.613490942,,16.02146997,,0.049493841,,0.426160238,
103,173,0,103,200,-0.035717709,1.407810966,103,200,0.209179092,1.161056014,103,200,0.16496312,1.684240025,103,200,0.051257973,1.470846431,,0,,0.096058251,,0.186497811,
104,173,0,104,180,0.172280209,1.201206422,104,200,0.030907495,1.211114689,104,159,0.230783984,1.225625508,104,196,0.16470889,0.925105354,,16.13032858,,0.073180258,,0.124812492,
105,102,0,105,119,-0.079260144,1.736294984,105,151,0.020129101,0.931056983,105,137,0.027451894,1.103169042,105,181,0.188629782,1.275648053,,22.6715681,,0.095999709,,0.299954879,
106,121,0,106,140,0.017232613,1.145414266,106,163,0.187372598,0.957973804,106,125,0.192755422,1.208515909,106,160,0.297946226,1.128003109,,15.47578754,,0.100584731,,0.092730293,
107,136,0,107,117,0.057269706,1.125627077,107,177,0.113108594,0.880650271,107,156,0.0674587,0.881058023,107,144,0.089616357,1.004206583,,21.68524844,,0.021498347,,0.101551246,
108,147,0,108,152,0.141835195,0.994641778,108,151,0.02765727,1.030912431,108,147,0.059121742,0.908057704,108,132,0.146813028,1.074643707,,8.015609771,,0.051708777,,0.061221562,
109,114,0,109,149,0.083966116,0.874475504,109,164,0.048170458,1.115857309,109,172,0.093030864,0.827739771,109,158,0.08203155,1.063463222,,8.40758586,,0.017042696,,0.121831893,
110,180,0,110,138,-0.099534713,1.732189942,110,117,-0.142064888,1.634799572,110,162,-0.060380094,1.497046792,110,139,-0.232792157,2.22457682,,15.92168333,,0.064094271,,0.274241567,
111,142,0,111,104,-0.120237599,1.817794869,111,156,0.104110261,0.837719043,111,182,-0.005191131,1.004490218,111,161,0.147155927,0.853414343,,28.69995645,,0.103705201,,0.403339634,
112,140,0,112,165,0.127033171,0.895901192,112,173,-0.017371279,0.971251237,112,153,0.187314239,1.116447734,112,98,-0.07770116,1.708492984,,29.31190031,,0.106703917,,0.31915404,
113,154,0,113,150,0.200586699,1.250041982,113,117,0.025334359,1.159279339,113,150,0.182453715,0.987498679,113,86,-0.3409829,3.025282601,,26.6117925,,0.217543176,,0.825101743,
114,200,1,114,200,-0.0405193,1.091233328,114,113,-0.573551467,2.261036706,114,90,-0.308232806,3.180043441,114,200,-0.113468382,1.399099152,,49.91680579,,0.206324835,,0.813388794,
115,200,1,115,200,-0.048977895,1.941659542,115,200,0.298886888,1.856497379,115,200,0.132580879,1.002868341,115,189,-0.075145505,2.16625166,,4.763139721,,0.151113866,,0.441383771,
116,200,1,116,200,0.318385249,2.385983416,116,200,-0.146898705,2.032372575,116,200,0.05539706,1.087676676,116,200,0.431043962,2.472972098,,0,,0.225609706,,0.549080467,
117,161,0,117,175,0.210247876,1.178343298,117,200,-0.013153584,1.345831813,117,188,0.221607129,1.455944892,117,169,0.177529105,2.130095764,,11.97914855,,0.09504049,,0.361647449,
118,157,0,118,200,0.12490173,0.883595455,118,141,0.232435419,1.453306823,118,200,0.064985324,0.862518892,118,139,0.106489803,1.367674419,,30.00833218,,0.061804593,,0.270519535,
119,200,1,119,131,0.125542389,1.188183418,119,181,0.045441169,0.935803294,119,136,0.101075411,1.276097045,119,200,-0.040608935,1.418942265,,29.33428029,,0.063833448,,0.175766542,
120,144,0,120,129,0.020740109,1.15672802,120,190,0.145056216,1.348545285,120,124,0.081125102,1.190800152,120,168,0.102617685,1.270358487,,27.43515081,,0.044829487,,0.074243218,
121,198,0,121,197,0.074805617,0.92840517,121,155,0.113090218,1.394467409,121,150,0.031155409,1.098248962,121,170,0.061987047,1.029081734,,18.28934116,,0.029379844,,0.17360747,
122,200,1,122,184,0.124607897,1.186865345,122,200,-0.086776077,2.226645961,122,132,-0.048271597,1.144716255,122,187,0.037757998,0.862780203,,25.96512084,,0.081588078,,0.518298966,
123,200,1,123,110,0.033106775,1.214376469,123,119,0.110762689,1.199144409,123,200,-0.017715989,1.418350197,123,148,0.059754182,0.903873426,,35.1167695,,0.046390829,,0.183400504,
124,134,0,124,144,-0.005123222,1.002560534,124,134,0.16209524,0.996426779,124,182,0.097781481,0.669195032,124,143,0.226053623,1.205238064,,18.45772196,,0.085394234,,0.192073108,
125,137,0,125,163,0.208492645,1.040304433,125,166,0.083916943,0.927145316,125,160,0.15246094,0.970997508,125,159,0.147863796,0.861232503,,2.738612788,,0.044118539,,0.065187739,
126,182,0,126,195,0.118936485,0.764943145,126,188,0.228913639,1.594938487,126,157,-0.0926674,1.110614927,126,185,-0.021901461,0.701453627,,14.46331566,,0.124508258,,0.354674996,
127,155,0,127,142,0.033135413,1.102129977,127,143,-0.045008099,1.238132805,127,151,0.212104566,1.41098802,127,172,0.201639146,1.067475562,,12.06233808,,0.109994655,,0.135114446,
128,93,0,128,174,0.258308223,1.498715519,128,102,-0.106481976,1.395130995,128,142,-0.017235794,1.173384981,128,108,-0.12681161,2.28011507,,28.89204043,,0.153642994,,0.417161132,
129,200,1,129,198,-0.024246932,0.815833789,129,119,-0.216533545,1.954344246,129,186,0.016959642,0.733281382,129,111,0.020876019,1.132995231,,38.83619446,,0.09734151,,0.482764968,
130,130,0,130,99,-0.056850287,2.008310661,130,116,0.044863849,1.092841621,130,135,0.047138306,0.847658902,130,80,-0.185371016,2.983671762,,20.35313244,,0.095115332,,0.841666111,
131,164,0,131,113,-0.009931091,1.102501683,131,167,0.229343378,1.029953236,131,138,-0.004019806,0.812763489,131,174,0.158143539,0.858431487,,24.30020576,,0.103489444,,0.119231503,
132,148,0,132,124,-0.00838087,0.808690237,132,147,-0.005600665,1.042654625,132,128,0.122215258,1.118762464,132,193,0.1615093,0.791073841,,27.39525506,,0.075718401,,0.143103893,
133,135,0,133,129,0.251863266,1.31511464,133,200,0.058183282,1.450076676,133,98,-0.289941027,3.1112449,133,119,-0.047541092,1.301046155,,38.33079702,,0.195549339,,0.762520739,
134,200,1,134,144,-0.201375183,1.26823565,134,130,0.106111672,1.047929311,134,131,0.220146429,1.565143568,134,183,0.200357685,1.30279853,,21.50581317,,0.168800134,,0.183571787,
135,195,0,135,200,0.090098494,0.722823094,135,176,0.092579655,1.175079874,135,200,0.04680754,0.579202139,135,169,0.100441897,0.807568174,,13.97095201,,0.020947545,,0.22003282,
136,200,1,136,145,0.12237497,0.91823159,136,200,-0.055343845,2.0274576,136,200,0.008989542,0.575176657,136,200,-0.14440819,2.176808692,,23.8156986,,0.097216123,,0.690504173,
137,200,1,137,169,0.119098429,1.049013616,137,156,0.062806814,1.071559826,137,199,0.154409024,1.078538568,137,200,-0.050564123,1.793923401,,19.06567596,,0.077644579,,0.315228483,
138,144,0,138,174,0.141748523,1.017145786,138,178,0.132868573,1.192800134,138,200,0.044186229,1.1649579,138,200,0.083183579,0.888260999,,12.08304597,,0.039434326,,0.122319921,
139,124,0,139,194,0.10787587,1.522905418,139,191,0.047481878,0.743419947,139,179,0.156174177,0.942843652,139,189,0.16140534,0.889904245,,5.629165125,,0.045870402,,0.296731127,
140,200,1,140,200,0.107960468,0.756760022,140,158,0.098688808,0.909341549,140,200,-0.049318785,2.208013504,140,200,-0.088167368,1.68748204,,18.18653348,,0.087184985,,0.589420571,
141,182,0,141,177,0.022578071,0.834552419,141,151,0.062423226,0.843566365,141,200,0.103080373,1.545437413,141,147,0.016348443,1.008048914,,21.40531476,,0.034825801,,0.289827927,
142,156,0,142,146,0.017724944,1.02859336,142,145,0.058863613,0.824585247,142,200,-0.010309833,0.666190808,142,200,0.109899415,1.523969378,,27.25229348,,0.045286832,,0.322912852,
143,161,0,143,163,0.042325882,0.818316323,143,175,0.085719795,1.031936951,143,154,0.103964369,0.924706496,143,128,0.095376528,0.930341947,,17.27715254,,0.023712568,,0.075562084,
144,133,0,144,200,0.010039809,1.393918973,144,142,0.15336463,1.019763273,144,200,-0.014460378,1.387123231,144,200,0.10922097,0.682850763,,25.11473671,,0.069096915,,0.29475835,
145,134,0,145,146,0.054538491,1.057949499,145,185,0.121650078,1.545094064,145,199,0.038116357,1.562150739,145,132,0.122523205,1.163010054,,27.40894015,,0.038323242,,0.224744139,
146,200,1,146,157,0.161602337,0.908257074,146,200,0.009338234,1.109797793,146,200,-0.017198635,1.679897234,146,200,0.075249962,1.483008447,,18.61954618,,0.069013668,,0.303052295,
147,132,0,147,196,0.062276473,0.701792535,147,200,0.012728858,2.087111467,147,200,0.031146862,0.794747242,147,127,0.063689185,1.120228001,,31.07551287,,0.02153659,,0.548511851,
148,133,0,148,200,0.029036848,1.182739526,148,178,0.015949832,0.73364108,148,161,0.171487299,1.210749612,148,200,0.025887679,1.730378788,,16.39168997,,0.064208271,,0.3529798,
149,119,0,149,135,0.102541103,1.023853346,149,105,-0.066842102,2.12169859,149,154,0.068890215,0.906743811,149,179,0.085343716,0.77856155,,27.04047892,,0.067069602,,0.534772721,
150,174,0,150,179,0.091677334,0.762101952,150,109,-0.090684814,2.241982058,150,200,-0.002399401,1.898280261,150,94,-0.156761592,3.11129572,,44.93606569,,0.093480087,,0.842054827,
151,104,0,151,145,-0.029657652,1.296089058,151,113,0.085048945,1.119699922,151,119,-0.043358989,1.635351398,151,158,-0.035561115,1.26775836,,18.45772196,,0.052723555,,0.188738754,
152,134,0,152,119,-0.08109048,2.659586562,152,184,-0.01301086,1.764193758,152,126,0.180944939,1.056610597,152,142,0.022702454,1.495054584,,25.23266732,,0.096178657,,0.585914771,
153,151,0,153,118,0.146790114,1.102435187,153,152,0.075606602,0.808934861,153,109,0.055501789,1.036001512,153,116,0.16406999,1.001725693,,16.64894892,,0.045904979,,0.109144594,
154,200,1,154,200,0.079549968,1.722802234,154,154,0.109250508,1.019595303,154,116,0.130218433,0.989827273,154,139,0.157848479,1.346165436,,30.71135783,,0.028662812,,0.296660436,
155,136,0,155,155,0.280419553,1.668975162,155,189,0.115463308,0.84485064,155,180,0.069389934,0.69073655,155,200,-0.03859394,1.789473409,,16.59819267,,0.114845162,,0.485665642,
156,149,0,156,146,-0.02092054,0.914254939,156,159,0.05758883,0.706442778,156,152,0.109249155,0.86725401,156,200,-0.016616781,1.236249161,,21.14680827,,0.054281609,,0.192319353,
157,150,0,157,200,-0.026593609,1.315149541,157,186,0.053486015,0.768261065,157,146,0.177985428,1.084218783,157,118,0.122881583,1.010872686,,32.44610917,,0.07663242,,0.195107303,
158,165,0,158,155,0.084423539,0.851458955,158,139,0.147861263,1.201312142,158,150,-0.034362801,0.860192592,158,113,0.090697401,0.938916846,,16.22305458,,0.066279367,,0.141759867,
159,161,0,159,137,0.080285559,0.926614876,159,181,0.033708167,0.836809149,159,155,0.095306075,0.933408495,159,170,0.012760957,0.711270656,,16.52838468,,0.033542348,,0.089763899,
160,142,0,160,162,0.080702763,0.754781227,160,157,0.155531001,0.8917359,160,200,-0.140851025,1.876931225,160,200,-0.062053192,1.795750548,,20.32701405,,0.116312857,,0.509659012,
161,159,0,161,164,0.04483076,0.806164965,161,161,0.057480944,0.895509801,161,195,0.135556559,0.967504629,161,119,0.181290526,1.012096596,,27.03123194,,0.056196461,,0.077936273,
162,200,1,162,177,0.137395074,0.820417097,162,140,0.025810796,0.953539042,162,152,0.036793949,1.067607514,162,142,0.106644604,0.980402305,,14.7203091,,0.046804832,,0.088655873,
163,128,0,163,186,0.030530511,0.692283609,163,159,0.077488952,0.861097669,163,195,0.065236059,0.646131191,163,164,0.045692041,0.88858803,,14.94991639,,0.017997548,,0.104557186,
164,148,0,164,186,0.057750879,0.865875121,164,200,-0.000843508,0.90297352,164,158,0.09431209,0.868052143,164,156,0.09195104,0.898354396,,18.68154169,,0.038414406,,0.016946606,
165,200,1,165,164,0.036339428,0.832956074,165,141,0.012108672,0.847354273,165,180,0.075171036,0.721586847,165,200,-0.094054889,2.082208741,,21.62608379,,0.062740875,,0.557069205,
166,123,0,166,200,0.011500911,1.856991146,166,200,-0.169951154,2.167658742,166,164,0.090328227,0.870777572,166,200,0.023230948,1.027991093,,15.58845727,,0.096450414,,0.54554055,
167,162,0,167,181,-0.008208516,0.755009873,167,114,-0.200222674,1.291721979,167,200,0.037238368,2.022817249,167,137,0.045402219,0.88508782,,34.16869913,,0.099559954,,0.494127741,
168,200,1,168,200,0.054477976,1.001500991,168,198,0.074264985,0.508319715,168,127,0.085269489,0.988112115,168,200,0.066861347,1.299217368,,31.3318927,,0.011202019,,0.283344799,
169,141,0,169,150,0.114013335,0.784150558,169,139,0.072387169,0.943273906,169,187,0.06345136,0.738942289,169,169,0.191652969,0.899815643,,18.33541655,,0.050656315,,0.083014571,
170,165,0,170,108,-0.076625813,1.461740847,170,200,-0.060600193,1.840285605,170,176,0.040358199,0.726824955,170,192,0.055235343,0.564699733,,36.26292873,,0.058716076,,0.523287612,
171,136,0,171,174,0.046724816,0.663441297,171,200,-0.015161677,1.544914527,171,146,0.05237143,0.88345497,171,193,0.038027918,0.965667364,,20.90902915,,0.026848007,,0.325629829,
172,166,0,172,200,-0.095037103,1.10230572,172,148,0.031458673,0.983100814,172,160,0.147148604,1.151759163,172,153,0.097822567,0.94398459,,20.51066796,,0.09085405,,0.084730095,
173,200,1,173,187,0.095265234,0.847589182,173,157,0.078250482,1.04826478,173,183,0.023842992,0.808520681,173,200,0.051262588,1.81773808,,15.61049327,,0.027119212,,0.407052828,
174,165,0,174,200,-0.010650396,1.472066517,174,200,-0.054668421,1.471247621,174,200,0.068642722,0.837043373,174,195,0.076010224,0.727407257,,2.165063509,,0.054813248,,0.346888497,
175,200,1,175,168,0.069192609,0.965574347,175,200,-0.184431928,1.321155948,175,160,0.050231965,1.118158712,175,200,0.060216432,0.880203692,,18.22086716,,0.106002693,,0.167570466,
176,171,0,176,147,0.067475649,1.032674452,176,200,-0.000619087,2.057940654,176,200,-0.026999142,1.676734047,176,200,0.053363043,0.794893913,,22.9496732,,0.0385921,,0.502541708,
177,200,1,177,200,0.015368223,2.061350708,177,174,0.071038327,0.728949855,177,160,0.142094136,1.352851853,177,200,0.025995543,1.400414424,,17.22643318,,0.049892523,,0.4714658,
178,149,0,178,200,0.024712717,1.731839493,178,135,0.058381183,0.868349171,178,195,0.064424253,0.741502913,178,166,0.102618374,0.866201697,,25.99038284,,0.027649708,,0.395865764,
179,200,1,179,185,0.110118923,0.59721075,179,177,0.138013847,1.107166046,179,137,0.060211178,0.947632532,179,200,0.03069468,0.643105816,,23.30638325,,0.041847194,,0.211910291,
180,200,1,180,126,0.072066814,0.902876187,180,200,-0.00090503,2.090178569,180,157,0.113087166,1.089563042,180,158,0.063782896,1.213795902,,26.30945647,,0.040839504,,0.45592775,
181,200,1,181,200,0.001952959,0.988512885,181,200,-0.013557263,2.057073465,181,165,0.030052794,1.136016915,181,200,-0.085574002,2.370048525,,15.15544457,,0.042682652,,0.588501935,
182,185,0,182,200,-0.039396527,1.600760686,182,200,0.061258047,0.980440844,182,200,0.026490789,1.031654907,182,200,-0.05318401,1.929840576,,0,,0.046981643,,0.397467915,
183,200,1,183,200,0.046589447,1.015035312,183,187,0.081857022,0.943129364,183,158,0.113874886,1.414292439,183,200,0.084026389,1.604026042,,17.15189494,,0.023839882,,0.274575206,
184,163,0,184,200,-0.011173406,1.016349411,184,200,-0.023323626,1.916386308,184,164,0.10799927,0.964161368,184,200,-0.079637719,2.285190022,,15.58845727,,0.06831075,,0.57066911,
185,137,0,185,200,0.071797323,0.63652356,185,200,0.011633289,1.096969682,185,200,0.008814213,1.830555556,185,200,0.022195406,1.002113211,,0,,0.025428202,,0.433361969,
186,189,0,186,195,0.027306502,0.80370752,186,200,0.037051828,0.936124032,186,200,0.01946718,2.014466798,186,194,0.086108037,1.020310272,,2.772634127,,0.025945595,,0.480146238,
187,197,0,187,200,0.026746522,0.800751808,187,149,0.104495927,0.89507675,187,152,0.113604533,1.028744738,187,189,0.15639302,0.898215842,,22.36626925,,0.04677381,,0.081121817,
188,153,0,188,200,0.073961665,0.832171256,188,148,0.104977802,0.992999837,188,200,0.0294692,0.67372124,188,139,0.079708883,0.818934961,,28.42863873,,0.027201452,,0.113046414,
189,141,0,189,200,-0.010357758,1.85058379,189,200,-0.038455158,1.619375618,189,141,0.089435584,0.846429713,189,200,0.057836871,0.658861217,,25.54774941,,0.051250218,,0.502319653,
190,136,0,190,192,0.050544641,0.821047544,190,136,-0.02582381,0.745081156,190,148,0.035183566,0.816228202,190,167,0.040276988,0.71478579,,21.15862708,,0.029885914,,0.04565903,
191,133,0,191,151,0.06027155,0.820107638,191,143,0.127160409,0.884633324,191,200,-0.003581595,1.698984314,191,182,-0.041914481,0.776953301,,23.07596152,,0.064295475,,0.379420099,
192,138,0,192,200,-0.051794783,1.576661365,192,145,0.1599845,0.903702404,192,190,0.122251818,0.861438798,192,200,0.052875456,1.570312272,,22.74175675,,0.080548015,,0.345788404,
193,147,0,193,200,0.007226971,1.781877846,193,145,0.074913522,0.780045544,193,175,0.103925828,0.602369397,193,158,0.119162722,0.73896005,,20.57304061,,0.042934266,,0.470006616,
194,158,0,194,181,0.073031716,0.602088266,194,124,0.035101009,0.914379823,194,136,0.07079931,0.895853566,194,155,0.046276469,0.791926376,,21.52905014,,0.016124893,,0.123996347,
195,154,0,195,158,0.075110434,0.715582813,195,151,0.069821375,0.735962156,195,153,0.067997945,0.703274962,195,126,0.09554813,0.781103371,,12.38951169,,0.010955776,,0.029604885,
196,132,0,196,200,-0.047757403,1.700003436,196,111,-0.051385729,1.845670753,196,154,-0.00059947,0.648302954,196,143,0.088840571,0.722731151,,31.89827582,,0.056534404,,0.546727568,
197,200,1,197,112,-0.113629703,1.435612682,197,200,0.105121438,0.721309376,197,128,0.027003337,0.849815241,197,157,0.017351722,0.805615944,,33.44678609,,0.078535407,,0.282384786,
198,164,0,198,141,0.01593653,0.898484375,198,153,0.048471307,0.638438838,198,146,0.241738739,1.836681298,198,200,-0.017999486,1.748238371,,23.48403713,,0.100756952,,0.521127452,
199,191,0,199,125,0.232598055,2.033254083,199,121,8.49E-05,0.820957338,199,163,0.076780266,0.641979095,199,169,0.067297735,0.650541407,,21.65063509,,0.085203962,,0.579781853,
200,194,0,200,191,0.052073967,0.581159505,200,153,0.007561907,0.701853276,200,188,-0.038715132,0.670270024,200,156,0.034468936,0.833197628,,17.56416807,,0.034237572,,0.090424392,
201,200,1,201,163,0.038749577,0.629462014,201,148,-0.019754287,0.762285458,201,200,0.023694888,0.50023907,201,164,0.021853592,0.585709374,,19.12295741,,0.021733121,,0.094672965,
202,162,0,202,155,-0.058911128,0.719486831,202,131,0.062541681,0.803398146,202,121,0.018596707,0.821794729,202,176,0.053894776,0.57648862,,21.39363223,,0.047916141,,0.096811013,
203,153,0,203,140,0.014122979,0.699382767,203,200,-0.044672599,0.940579488,203,127,-0.055854909,0.772125954,203,100,-0.177204845,1.940948742,,36.59491085,,0.069541268,,0.500013465,
204,166,0,204,150,0.03331832,0.66037246,204,200,0.007554394,1.874084156,204,166,0.013084576,0.778145923,204,156,0.02337455,0.761227926,,19.33907961,,0.009870431,,0.496043994,
205,200,1,205,200,-0.040620766,1.640378755,205,200,0.194820597,0.999321101,205,200,-0.025986473,1.699956062,205,200,0.024790856,0.716128032,,0,,0.093598107,,0.41890848,
206,171,0,206,180,0.103844509,1.151331313,206,200,-0.115245359,2.412930291,206,146,0.142857093,1.058670668,206,188,0.17609213,1.122658992,,20.06863224,,0.113836793,,0.56479829,
207,200,1,207,141,0.153597281,1.263968749,207,184,0.106068731,0.983148422,207,187,-0.060494568,1.0317043,207,200,-0.076685042,1.627543892,,22.19234102,,0.100787101,,0.254659298,
208,185,0,208,200,-0.143540007,1.883195163,208,200,-0.033674788,2.035710548,208,200,0.020200366,1.277330341,208,168,0.104508969,1.123965905,,13.85640646,,0.08997041,,0.387032111,
209,198,0,209,180,0.098795914,0.851665445,209,200,-0.082972291,2.010920343,209,184,0.151943337,1.55448937,209,146,0.122736706,1.223790354,,19.66596044,,0.091785096,,0.426729937,
210,200,1,210,200,0.073612199,0.793938439,210,200,-0.000339129,1.958429034,210,200,-0.08302763,1.829948209,210,200,-0.002871748,2.366581131,,0,,0.055409496,,0.579527284,
211,200,1,211,200,-0.031140666,2.236713587,211,200,-0.02894398,1.33638987,211,180,0.27122133,1.928596278,211,200,0.111456916,0.949708755,,8.660254038,,0.124272373,,0.501270387,
212,159,0,212,200,0.097643025,1.897941286,212,200,0.042347921,1.040931568,212,200,-0.122806312,1.999622086,212,200,-0.074657147,1.784800825,,0,,0.088256465,,0.377175569,
213,200,1,213,200,0.129555922,1.213771561,213,200,0.093253632,1.667052388,213,200,-0.010770651,1.47389584,213,200,-1.21E-05,2.038819923,,0,,0.059912741,,0.300883358,
214,200,1,214,200,-0.05050423,2.118000704,214,200,0.057257258,1.397642778,214,200,-0.001668781,2.029576338,214,200,0.12373366,1.175436707,,0,,0.065179293,,0.402603354,
215,200,1,215,200,0.066982865,1.990660668,215,200,0.078420494,1.946619714,215,200,0.061814923,1.751395617,215,180,0.22573917,2.063134392,,8.660254038,,0.068104142,,0.115463466,
216,200,1,216,200,0.04943812,1.787544217,216,200,-0.172208086,2.244029005,216,200,-0.026576262,2.007797363,216,200,0.328561724,3.152395982,,0,,0.182160169,,0.51905877,
217,200,1,217,200,0.164100041,1.775635961,217,200,0.0911109,1.635380529,217,200,0.020449542,1.836868583,217,200,-0.044467421,2.383390082,,0,,0.07788292,,0.284120086,
218,200,1,218,200,-0.023646741,2.021565814,218,200,0.050454883,2.156019965,218,200,0.013488991,1.770014419,218,200,0.038816309,1.540778802,,0,,0.028411213,,0.236191542,
219,200,1,219,200,0.029126847,2.015330314,219,200,0.153307284,1.792968872,219,200,0.016651462,2.119532125,219,200,0.025786756,2.127745485,,0,,0.05624018,,0.135029209,
220,200,1,220,200,0.068290841,1.800581587,220,200,0.021831149,2.003242809,220,200,0.058293749,1.763712048,220,200,-0.011235107,1.99796246,,0,,0.031464247,,0.110018824,
221,200,1,221,200,0.044364168,1.768671026,221,200,0.198802016,1.804274341,221,200,0.094058878,1.65154591,221,200,0.053252743,1.874481227,,0,,0.061349652,,0.080675594,
222,200,1,222,200,0.102342642,1.67991871,222,200,0.046187532,2.038875239,222,200,0.07004148,1.902208769,222,200,0.025432174,2.020384172,,0,,0.028615738,,0.14299573,
223,200,1,223,200,0.092075807,2.005394719,223,200,-0.011917317,1.949874674,223,200,0.045987436,1.845050931,223,200,-0.048539432,1.939304783,,0,,0.053817296,,0.057632464,
224,200,1,224,200,0.027522487,1.987892488,224,200,0.07140486,1.566726245,224,200,0.00397131,1.967391918,224,200,0.011636675,1.808665992,,0,,0.026113882,,0.168483151,
225,200,1,225,200,0.106559264,1.729716692,225,200,0.004402932,1.742750439,225,200,0.140017622,1.614156194,225,200,0.059821159,1.478811044,,0,,0.051010921,,0.106359222,
226,200,1,226,200,0.004043026,1.471883124,226,200,0.073937802,1.619921307,226,200,-0.004947388,1.610042593,226,200,0.076806612,1.531008556,,0,,0.038058726,,0.060595278,
227,200,1,227,200,0.004080983,1.627590021,227,196,0.056083358,1.354796517,227,200,-0.014836619,1.493667086,227,200,0.092583924,1.50905524,,1.732050808,,0.042423461,,0.096734083,
228,195,0,228,200,0.026599672,1.432642484,228,200,0.048329244,1.13844874,228,188,0.093529995,1.529136988,228,138,-0.006353335,2.017507864,,25.58808316,,0.036269577,,0.316407275,
229,171,0,229,200,0.005658756,1.746047057,229,149,0.171504122,1.551551129,229,200,-0.094067372,1.92216921,229,191,0.088815317,1.352877645,,21.10687092,,0.098481196,,0.21277213,
230,181,0,230,200,0.025066174,1.340685827,230,200,-0.098810395,1.729104185,230,200,0.000724417,1.447029342,230,200,-0.009004586,1.495218499,,0,,0.046881271,,0.14200551,
231,157,0,231,200,-0.00973445,1.349736155,231,200,-0.135032468,1.823316975,231,192,0.157150943,1.694098403,231,186,0.144301684,1.860154368,,5.894913061,,0.120114861,,0.201404431,
232,200,1,232,187,0.175834928,1.746271533,232,163,0.087942666,1.470396616,232,197,-0.050554087,1.459022311,232,121,-0.072705334,2.94740094,,29.29163703,,0.10192801,,0.6122843,
233,200,1,233,180,-0.031503477,1.642309226,233,200,-0.044445473,1.287161291,233,200,-0.114528696,2.202613618,233,156,0.059262885,1.446702268,,18.11077028,,0.061831328,,0.345799925,
234,200,1,234,200,0.085358707,1.421453336,234,135,0.198231681,1.728781983,234,200,-0.017635724,1.600857395,234,200,0.074262357,1.154732275,,28.14582562,,0.076601108,,0.215450433,
235,200,1,235,168,-0.001899766,1.381241234,235,157,0.092929765,1.395309715,235,200,-0.012210195,1.253138909,235,200,0.033656288,1.248157038,,19.14908614,,0.041105556,,0.069015758,
236,200,1,236,200,0.157947819,1.659763532,236,200,-0.076150252,1.965368828,236,200,0.011572611,1.570546131,236,156,0.106298519,1.602722002,,19.05255888,,0.089739592,,0.156732464,
237,200,1,237,166,0.102282999,1.241634244,237,200,-0.002834652,1.296250234,237,200,-0.10851273,1.930524653,237,200,-0.018278367,1.205121841,,14.72243186,,0.07481987,,0.297458371,
238,200,1,238,200,0.068059829,1.191743858,238,200,-0.055922902,1.494091195,238,157,0.141916424,1.682066805,238,183,0.127986425,1.528749668,,17.59261209,,0.078092412,,0.177736744,
239,155,0,239,137,0.05548202,1.661553231,239,166,0.078497754,1.393095617,239,200,0.005335678,1.593503591,239,200,0.079815026,1.25550453,,26.32845419,,0.030143483,,0.161034511,
240,145,0,240,176,-0.045767898,1.265673662,240,124,0.090719997,1.598722953,240,156,0.117186994,1.29781635,240,200,0.003465226,1.460731024,,27.85677655,,0.065599962,,0.133727826,
241,177,0,241,199,0.099611348,1.23453454,241,131,0.073022071,1.40386055,241,141,0.093641747,1.357690784,241,148,0.022855099,1.400540017,,26.25238084,,0.030193949,,0.068636409,
242,195,0,242,200,0.000370291,1.061936921,242,191,0.022187165,0.907599972,242,129,0.041648451,1.427514575,242,131,0.085693734,1.424567868,,32.91181399,,0.03143621,,0.227286136,
243,175,0,243,186,-0.04397452,1.130963132,243,169,0.085329141,1.216468277,243,200,-0.013315396,0.923744961,243,165,0.013577948,1.072087601,,13.98213145,,0.047810783,,0.10672836,
244,132,0,244,138,0.007428636,1.214148267,244,147,-0.00150555,1.276954163,244,125,0.089821869,1.377259429,244,147,0.179821215,1.570097676,,9.010410645,,0.073275014,,0.13472905,
245,142,0,245,152,0.092925861,1.325396018,245,156,0.061382689,1.295995303,245,127,0.011868922,1.396184708,245,200,-0.227726657,2.567833717,,26.28093415,,0.125952646,,0.533262315,
246,172,0,246,130,-0.011865373,1.396632716,246,200,-0.153450124,2.879732065,246,158,0.088026816,1.195425573,246,195,0.110551612,1.226705583,,28.57774484,,0.104141132,,0.699969043,
247,173,0,247,200,-0.050301612,1.595607831,247,188,0.236045474,1.65715865,247,156,-0.071838711,1.524604841,247,120,-0.00234158,1.719864591,,31.04834939,,0.122782729,,0.072413132,
248,133,0,248,169,-0.125825234,1.386464343,248,125,-0.138798611,1.794048112,248,130,0.19324388,1.966809603,248,163,0.181870036,1.827314113,,19.44704348,,0.160050724,,0.21617207,
249,164,0,249,167,0.113067007,1.803797799,249,148,0.03470428,1.148989023,249,161,-0.049282345,1.78922089,249,170,-0.019131781,1.290566751,,8.440971508,,0.061662225,,0.292723224,
250,109,0,250,128,-0.129091398,2.13002236,250,118,-0.025809817,1.766396001,250,158,0.04806007,1.135840209,250,192,0.002468144,0.873861384,,28.86173938,,0.065044536,,0.497582545,
251,119,0,251,146,0.033429694,1.195721463,251,116,0.084193893,1.413716356,251,128,-0.001197066,1.282036702,251,114,-0.027034766,1.874344896,,12.72792206,,0.04165557,,0.261707021,
252,200,1,252,162,-0.066004661,0.978596173,252,151,0.187417696,1.965344028,252,127,-0.084549357,1.169170538,252,127,-0.087320479,1.201373924,,15.25409781,,0.115778879,,0.377342637,
253,193,0,253,122,-0.092383314,1.241307823,253,130,0.009140955,1.313030225,253,146,0.098124708,1.598380027,253,117,0.076475658,1.325444066,,10.98578627,,0.074176558,,0.135967878,
254,161,0,254,141,0.111208406,1.189226996,254,163,0.089319067,1.076740251,254,107,-0.143399223,1.887226615,254,127,0.015474246,1.390729896,,20.41445566,,0.099787542,,0.310488203,
255,150,0,255,117,-0.054035481,1.554322094,255,163,0.033687144,1.048492241,255,138,0.138130227,1.180601669,255,176,0.101652227,1.609695393,,22.74313083,,0.073194875,,0.239154801,
256,156,0,256,161,0.111535765,1.510703372,256,170,0.072188392,1.084653143,256,145,0.007701015,1.094699351,256,200,-0.102748858,1.793220307,,20.0124961,,0.081089691,,0.298380403,
257,144,0,257,178,-0.045055597,1.267874938,257,157,0.065848046,1.143167956,257,121,0.159610046,1.41622834,257,149,0.035401203,0.977746443,,20.4251683,,0.073232122,,0.161231148,
258,200,1,258,162,0.038669847,0.920352783,258,200,0.099760191,1.150249105,258,200,-0.179268208,3.46408588,258,200,-0.056569093,1.198781783,,16.45448267,,0.10537144,,1.033463588,
259,190,0,259,153,0.015277031,1.102195094,259,200,-0.017632833,1.033154787,259,137,0.097208341,1.452223315,259,167,0.150972347,1.373453063,,23.20964239,,0.066481101,,0.176510146,
260,136,0,260,200,-0.16122469,1.987960343,260,200,0.117710605,1.554210528,260,200,0.075382987,1.480370701,260,200,0.011179946,2.128337613,,0,,0.106293782,,0.276182376,
261,130,0,261,200,-0.098080703,2.815892604,261,155,0.097060433,1.412049237,261,141,0.121346891,1.588293554,261,200,0.015921824,1.853698468,,26.46696054,,0.085700372,,0.541995679,
262,200,1,262,200,0.003295291,2.124744356,262,200,-0.054233414,1.947157816,262,200,-0.008526851,1.032273919,262,162,0.083153049,1.238113584,,16.45448267,,0.049494893,,0.460520697,
263,200,1,263,200,-0.071970282,1.662106054,263,200,-0.076840863,1.775295794,263,200,-0.005979529,1.704975411,263,176,0.072523506,1.474249055,,10.39230485,,0.060596373,,0.1114531,
264,200,1,264,187,0.101826651,1.151508598,264,153,0.099843118,1.399488612,264,200,0.069322808,1.250671506,264,200,0.057450823,1.60280928,,19.22238279,,0.019201543,,0.170015902,
265,200,1,265,200,0.09053205,1.116804892,265,200,0.061070623,2.436939688,265,200,0.059887672,1.112331016,265,200,0.036765143,1.678284073,,0,,0.019079998,,0.542476042,
266,200,1,266,200,-0.017322323,2.339654226,266,200,0.056850301,1.312717296,266,200,0.081658038,1.12667457,266,200,-0.029355703,1.839885845,,0,,0.04731176,,0.474135822,
267,200,1,267,200,0.084029186,1.300624056,267,200,-0.081164813,2.256366595,267,200,0.055929667,1.966378952,267,200,0.078904637,1.178155651,,0,,0.067569351,,0.449972189,
268,200,1,268,200,0.076008221,1.193982221,268,200,0.05545161,1.558683195,268,158,0.014179791,1.431010459,268,200,-0.107634884,2.549404717,,18.18653348,,0.071199324,,0.516901496,
269,200,1,269,200,0.018694295,1.386663026,269,200,0.003750239,2.254221706,269,173,0.050390428,1.392864564,269,200,-0.041961858,1.988926058,,11.69134295,,0.033261263,,0.377742016,
270,200,1,270,200,-0.012660623,1.984964107,270,200,-0.016596739,1.9526184,270,200,0.098865511,1.586509111,270,200,0.028599792,2.075344477,,0,,0.046413577,,0.186420049,
271,172,0,271,200,0.073791102,1.238307055,271,200,0.022472072,2.112925906,271,200,-0.041654202,1.989086616,271,200,0.023581726,2.181019608,,0,,0.040965976,,0.377006817,
272,200,1,272,192,0.146043117,1.366851888,272,200,0.188475176,1.656592977,272,200,-0.034848779,2.01869388,272,200,0.034216,1.94393436,,3.464101615,,0.088553334,,0.25752951,
273,172,0,273,200,-0.025870719,2.025463655,273,200,-0.009638549,1.99926193,273,200,-0.003593563,1.89869386,273,200,0.072636376,1.729275532,,0,,0.03798035,,0.116241579,
274,190,0,274,200,0.135170038,1.655925899,274,167,0.099335458,1.107765482,274,200,0.048982114,1.963866526,274,200,0.019148273,2.17754522,,14.28941916,,0.044741638,,0.402367234,
275,200,1,275,179,0.162441746,1.684568988,275,152,0.079807833,0.961258353,275,200,0.027759319,1.963875901,275,200,0.111630243,1.31153682,,19.71515914,,0.048929525,,0.378634624,
276,200,1,276,200,0.133381418,2.11868101,276,184,0.050213528,0.801022967,276,181,0.141093687,1.118518252,276,200,-0.01667613,1.891373615,,8.814051282,,0.064768043,,0.540554699,
277,200,1,277,200,0.003581243,1.006320542,277,200,0.004970588,2.144701655,277,200,-0.062059121,1.23435937,277,184,0.012147235,1.109938586,,6.92820323,,0.030036471,,0.452326499,
278,200,1,278,200,9.08E-05,2.257586929,278,200,-0.069805881,1.550125676,278,169,0.118369201,1.226631965,278,200,0.025932355,1.210356812,,13.42339376,,0.067390352,,0.42429474,
279,200,1,279,200,0.097220593,1.54786323,279,200,0.070503291,2.114569416,279,200,-0.038399221,1.644676849,279,200,0.058449889,0.926290499,,0,,0.051231403,,0.423214351,
280,200,1,280,200,0.013992606,1.309845991,280,200,0.127434217,1.589893391,280,200,0.039650248,1.011247886,280,200,0.023708791,2.083100599,,0,,0.044958896,,0.394688348,
281,200,1,281,146,-0.01775139,1.143375509,281,200,0.038567433,1.837172311,281,200,0.048385794,1.03469911,281,200,0.033764559,1.756351899,,23.3826859,,0.025657697,,0.357087397,
282,200,1,282,200,0.086085056,1.986803648,282,143,0.156730843,1.34599907,282,200,0.061974894,1.962352975,282,200,0.0061761,1.504627593,,24.68172401,,0.054034997,,0.280433789,
283,200,1,283,168,0.11619646,1.340463413,283,200,0.040204755,1.487028581,283,200,0.065069062,1.084962023,283,200,0.097529184,1.852246588,,13.85640646,,0.029256624,,0.277539596,
284,171,0,284,191,0.166248751,1.589793321,284,179,0.027166968,0.770838624,284,180,-0.080150028,1.357455983,284,182,0.066470427,0.996369174,,4.74341649,,0.088236568,,0.316443843,
285,170,0,285,200,-0.01354931,0.961579093,285,200,-0.058764452,1.008443028,285,160,0.016309959,0.823400992,285,186,-0.003361283,0.79318302,,16.33248297,,0.027536813,,0.090532178,
286,188,0,286,153,0.019283794,0.972590757,286,145,0.091407638,0.789116776,286,200,-0.031295489,0.835983876,286,181,0.048857428,0.674587902,,21.99289658,,0.044669467,,0.106797674,
287,134,0,287,128,0.042419067,0.88220579,287,200,0.041976168,1.674010362,287,200,9.97E-07,1.090774042,287,145,0.090076837,0.918990237,,32.3138902,,0.031878674,,0.317365913,
288,150,0,288,143,0.063391493,0.727190674,288,157,0.067087133,0.891522636,288,200,0.040478518,0.587736776,288,127,0.11159296,1.050009099,,27.13277538,,0.025748901,,0.173522986,
289,200,1,289,169,0.076004846,1.031230822,289,149,-0.001080903,0.88603558,289,170,0.068233886,0.721234347,289,169,0.127274302,0.811665399,,8.814051282,,0.045686792,,0.113538703,
290,165,0,290,136,0.090795036,0.891701074,290,194,0.033423711,0.633596404,290,164,-0.021116984,0.829982384,290,139,0.004073293,0.929051934,,23.32782673,,0.041688663,,0.113880009,
291,161,0,291,127,-0.029978789,1.009548687,291,192,0.043853427,0.689209893,291,149,0.039316752,0.807736179,291,200,-0.133103329,2.512815682,,30.1579177,,0.071567581,,0.73527374,
292,200,1,292,162,0.029402048,0.752146966,292,200,0.064072623,1.541357851,292,148,0.037960899,0.782835442,292,146,0.071713606,0.757872734,,21.67948339,,0.017580214,,0.33668018,
293,143,0,293,200,0.038738358,0.515101151,293,135,0.024906922,0.731094263,293,141,-0.01383311,0.832240619,293,187,0.03084836,0.574080329,,28.20793328,,0.020232777,,0.125558678,
294,179,0,294,184,-0.000278342,0.655714457,294,200,0.043419622,1.865629136,294,200,0.033538828,0.556650777,294,133,-0.04751311,0.715604864,,27.48977082,,0.035549301,,0.532596269,
295,115,0,295,137,0.057703629,0.767482058,295,177,0.030685586,0.559399629,295,153,0.034636636,0.767944983,295,149,0.054377063,0.619728766,,14.52583905,,0.011831389,,0.091592973,
296,194,0,296,153,-0.014758399,0.670278681,296,135,0.049691266,0.727651002,296,129,0.007223858,0.672436979,296,152,-0.039598051,0.635778388,,10.47318003,,0.032808479,,0.032900921,
297,132,0,297,173,0.062789312,0.498576386,297,157,0.055368825,0.724393539,297,200,0.046648096,0.581171233,297,200,0.029787085,0.686784634,,18.39157416,,0.012297153,,0.088853422,
298,127,0,298,174,0.038418763,0.652928653,298,153,0.059097832,0.640647378,298,192,0.064162394,0.683935419,298,180,0.059910123,0.746723147,,14.13108276,,0.009989458,,0.04106236,
299,192,0,299,200,0.075741314,1.541335345,299,159,0.031986125,0.815839463,299,138,0.005630499,0.738702161,299,121,0.005219502,0.692760442,,29.51694429,,0.028738703,,0.345855183,
300,144,0,300,200,0.03307226,0.735163282,300,155,0.008421363,0.646491384,300,178,0.027714603,0.854080659,300,200,0.009955477,0.805400577,,18.61954618,,0.010784034,,0.078123506,
301,200,1,301,154,0.043678162,0.714717044,301,200,-0.016463665,2.159069473,301,149,-0.056830091,0.776205806,301,182,-0.012303595,0.643225517,,20.82516507,,0.035779069,,0.628630676,
302,200,1,302,200,-0.017096491,2.025139513,302,200,-0.018782218,1.933562902,302,195,0.040641031,0.509420258,302,172,0.080608033,0.986586271,,11.58393284,,0.041750406,,0.639189838,
303,200,1,303,200,-0.00605791,1.946853568,303,200,0.010842413,2.297730085,303,167,0.099301944,0.863523634,303,200,0.033348453,0.799008968,,14.28941916,,0.040016133,,0.657720523,
304,200,1,304,145,0.043264308,0.839870891,304,200,0.00260114,1.887239111,304,200,-0.095532104,1.098245973,304,200,0.033216453,1.616566523,,23.8156986,,0.054864901,,0.413175507,
305,167,0,305,148,0.044359858,0.882084989,305,167,0.048183061,0.815973697,305,200,0.028760754,0.756397533,305,200,0.028855505,1.542963362,,22.28648694,,0.008835734,,0.316985544,
306,200,1,306,162,0.057559857,1.011509475,306,200,0.008146859,0.622064163,306,183,0.066254301,0.927188284,306,200,-0.000837091,1.252383569,,15.62649993,,0.029459593,,0.225409807,
307,200,1,307,200,0.023984973,1.006505663,307,167,0.086740133,0.731770492,307,200,0.019311496,1.946019589,307,200,0.001057741,1.753615484,,14.28941916,,0.032313893,,0.504475366,
308,200,1,308,180,0.014340879,0.567903295,308,200,0.003631775,1.870216369,308,200,0.011777812,2.073395137,308,179,0.0533539,0.922903251,,10.25609575,,0.019219926,,0.630023082,
309,184,0,309,147,0.059922341,1.00342025,309,188,0.066483119,0.673012128,309,172,0.062060808,1.050698192,309,200,-0.030015843,1.481063623,,19.84155992,,0.040269568,,0.287266895,
310,148,0,310,150,0.083579888,1.148628189,310,124,0.072454881,0.774970677,310,200,0.00409702,1.84207132,310,200,0.012847324,2.04277436,,32.81386902,,0.035130839,,0.512731189,
311,120,0,311,200,0.020797633,1.687536716,311,145,-0.0968601,0.795845448,311,137,0.102165234,0.739517828,311,165,0.05660588,0.686913615,,24.32462744,,0.073732966,,0.41177253,
312,200,1,312,181,0.056093343,0.793553318,312,155,0.00982089,0.590507341,312,169,-0.016635337,0.708328876,312,168,0.005073632,0.697727932,,9.20258116,,0.026489809,,0.072095392,
313,200,1,313,200,-0.041472852,1.48559062,313,122,-0.006770041,1.09227726,313,135,0.034460058,0.686208836,313,134,0.051074386,0.689893433,,30.59718124,,0.036104898,,0.331064432,
314,139,0,314,156,0.074946944,0.646335002,314,200,-0.038440041,1.600584468,314,192,-0.023480167,0.56811874,314,128,-0.008056387,0.764462364,,28.89636655,,0.043888292,,0.413393001,
315,151,0,315,149,-0.013678118,0.694818273,315,159,0.028011697,0.596361598,315,152,0.025661059,0.658922763,315,173,0.011227035,0.480631214,,9.256754291,,0.016585893,,0.081376286,
316,130,0,316,167,0.024808831,0.670642065,316,135,0.008269758,0.659617507,316,160,0.037557371,0.561979781,316,163,0.049390803,0.653955878,,12.51748777,,0.015266536,,0.043468554,
317,191,0,317,164,0.034700421,0.634590816,317,173,-0.012100643,0.543332832,317,164,0.015367686,0.532601526,317,125,-0.150228842,0.656063865,,18.55397532,,0.072465097,,0.054346874,
318,135,0,318,146,0.00728096,0.593545518,318,150,0.091356715,0.67166837,318,200,0.021432307,0.441475306,318,200,0.001146854,1.852831459,,26.03843313,,0.036008126,,0.562088232,
319,153,0,319,133,0.066607028,0.585994299,319,145,-0.041570338,0.638220742,319,176,0.039949832,0.68969442,319,122,0.034951415,0.637669234,,20.18662924,,0.040265624,,0.036664082,
320,197,0,320,141,0.062934031,0.66904836,320,200,0.04957476,2.092287441,320,115,0.01085402,0.947160973,320,200,-0.006435747,0.885984358,,37.15508041,,0.028105129,,0.554540444,
321,186,0,321,143,-0.15943646,1.408509119,321,200,-0.164355768,2.838912459,321,136,0.162748744,1.454809256,321,167,0.087932016,1.241390682,,25.02498751,,0.146044235,,0.641750096,
322,155,0,322,127,0.143683702,1.219719441,322,198,0.150005831,1.011516748,322,200,-0.175401981,2.2455869,322,175,-0.030195015,0.906632854,,29.40238086,,0.134985439,,0.531536883,
323,162,0,323,191,-0.021764691,0.830392148,323,154,0.098298139,0.813511295,323,200,0.039745905,0.770218018,323,200,0.035654339,1.329133687,,18.97860638,,0.042474207,,0.228141471,
324,200,1,324,161,0.10896591,0.786288309,324,200,-0.055455403,2.256403354,324,198,0.083129192,0.701377598,324,156,0.024096641,0.94264622,,20.33930923,,0.06320787,,0.632216801,
325,161,0,325,200,-0.068608574,1.189924702,325,148,0.170962226,1.281043402,325,200,0.052894676,1.244490459,325,200,0.031769005,1.733693119,,22.5166605,,0.085144678,,0.216868517,
326,200,1,326,147,0.057198714,0.854866829,326,200,0.054046586,1.513524844,326,200,0.101061526,1.867563207,326,200,-0.021717411,1.705004974,,22.9496732,,0.044149527,,0.38491494,
327,185,0,327,200,0.061044682,0.89593579,327,200,0.026106149,1.588067674,327,200,-0.112647917,2.039911905,327,200,-0.020651427,2.28427161,,0,,0.065175911,,0.528191433,
328,200,1,328,200,-0.008055129,2.410550866,328,200,0.017441717,1.935045727,328,200,0.00182381,1.468777948,328,200,-0.033092062,1.660279892,,0,,0.01835625,,0.354041205,
329,200,1,329,200,0.002619769,1.698370837,329,200,0.078830237,1.484013374,329,200,0.110958608,1.250222501,329,154,0.094258588,1.555762224,,19.91858429,,0.041451907,,0.162073259,
330,200,1,330,200,0.02990873,2.02743457,330,200,-0.00978247,2.22164375,330,200,0.040544758,1.953299487,330,200,0.003360937,1.356350304,,0,,0.020126968,,0.323134746,
331,200,1,331,200,0.081786475,1.590946575,331,200,0.131855693,1.931822904,331,200,-0.013019042,2.017006202,331,200,-0.087159032,2.169952834,,0,,0.084591102,,0.21218012,
332,200,1,332,200,-0.073578303,2.181704293,332,200,-0.051718324,1.649007511,332,200,0.070600349,1.94782557,332,200,0.043822752,1.588236005,,0,,0.06116338,,0.238872324,
333,200,1,333,200,0.048679922,1.645587514,333,176,-0.013427886,1.510144704,333,200,0.049607091,1.889276608,333,200,-0.049710268,1.97261726,,10.39230485,,0.042347245,,0.185277683,
334,200,1,334,175,0.051000419,1.388300841,334,200,0.032185546,1.525328472,334,157,0.068957357,1.557546247,334,200,0.039567533,2.102838926,,18.15213486,,0.013868993,,0.272704702,
335,200,1,335,200,0.003251746,2.082688765,335,200,-0.003326367,2.042745382,335,200,0.048647171,1.980733429,335,200,0.035012535,1.48360087,,0,,0.021606982,,0.24167715,
336,200,1,336,200,0.030745054,1.920415281,336,200,0.016660966,1.885250481,336,200,-0.034542227,2.180177141,336,200,0.055935107,1.099937598,,0,,0.033020545,,0.40408167,
337,200,1,337,200,0.022411519,1.352637478,337,200,-0.092543967,1.543238507,337,200,0.025552302,1.887041726,337,200,0.039547781,1.912239351,,0,,0.053097265,,0.235858552,
338,200,1,338,200,0.16369548,1.542818434,338,200,0.01948362,2.020669558,338,200,-0.022167051,1.750422586,338,200,0.001108396,2.047314301,,0,,0.072625183,,0.207341101,
339,200,1,339,200,-0.06104539,1.931744379,339,200,0.049145856,1.964204681,339,200,0.030099691,1.492352573,339,200,0.097090064,2.030255072,,0,,0.057339707,,0.212156981,
340,200,1,340,200,0.076384378,1.988598734,340,200,-0.048698297,2.095381106,340,200,0.04697406,2.423577992,340,200,0.099659356,1.870693009,,0,,0.056453134,,0.205911226,
341,200,1,341,200,0.110357612,1.78643427,341,200,0.012361402,2.293862882,341,200,0.066581843,2.174952277,341,200,0.093459219,2.473467738,,0,,0.037118254,,0.251986376,
342,200,1,342,200,0.018765177,1.668731753,342,200,0.03817902,1.457101862,342,200,0.021503246,2.382853151,342,200,-0.033577763,2.410341142,,0,,0.026908656,,0.423613712,
343,200,1,343,200,0.003662958,2.333216162,343,172,-0.027084491,1.352163133,343,200,0.032112426,1.489634238,343,200,0.089841805,1.789201579,,12.12435565,,0.043077174,,0.376637166,
344,200,1,344,200,0.045821969,1.910061577,344,200,0.020448145,0.983595579,344,200,0.049194773,1.560590221,344,200,0.040110083,1.359405658,,0,,0.011133633,,0.335253885,
345,144,0,345,200,0.043113939,1.91546316,345,200,0.084046273,0.65413893,345,200,-0.106619036,1.49657493,345,159,0.046046638,0.894242813,,17.75352078,,0.07297605,,0.496201158,
346,142,0,346,200,-0.030026435,2.139192785,346,179,0.019442649,0.736213726,346,200,-0.060369686,1.520014416,346,193,-0.014712252,0.8769974,,8.5732141,,0.028748472,,0.558597783,
347,200,1,347,200,0.079968709,1.497968969,347,200,0.042713837,0.635142898,347,191,0.022730818,0.660753822,347,164,0.007297604,0.701157014,,14.75423668,,0.027199501,,0.3611573,
348,200,1,348,176,0.051478711,0.74598765,348,164,0.020550406,0.690928658,348,169,0.039472559,0.75790654,348,178,0.047905328,0.657745768,,5.584576976,,0.01196591,,0.040758054,
349,149,0,349,158,0.0325207,0.699856921,349,179,-0.006021593,0.66939404,349,161,0.018140313,0.72765974,349,185,0.026042132,0.557764033,,11.49728229,,0.014595793,,0.064523288,
350,158,0,350,148,0.011242679,0.699300567,350,175,0.066752933,0.689011695,350,200,-0.007918065,1.501667522,350,190,0.035578779,0.591165671,,19.60070152,,0.027928849,,0.366962933,
351,163,0,351,178,0.030011713,0.627737006,351,167,0.007957411,0.595603304,351,153,0.058737495,0.728459774,351,185,0.054880764,0.681567246,,12.09080229,,0.020502019,,0.050815165,
352,200,1,352,134,0.042740581,0.715114834,352,155,0.077692488,0.71958854,352,180,0.016705162,0.584999663,352,200,-0.010183576,2.080417135,,24.95370714,,0.032466431,,0.611721055,
353,141,0,353,200,0.002025821,1.757998455,353,143,-0.009735755,0.82610967,353,156,0.077262744,0.68230521,353,162,0.106916855,0.67487126,,21.20583646,,0.049280444,,0.450160057,
354,149,0,354,152,0.040068625,0.718119899,354,160,0.025407287,0.643613841,354,168,0.030743784,0.750607979,354,140,0.002853502,0.803595786,,10.34408043,,0.013697381,,0.057966818,
355,200,1,355,200,-0.030835192,0.936696795,355,200,0.011600228,0.547283151,355,143,0.00694925,0.679904043,355,169,0.018501226,0.535497282,,23.84323804,,0.019146173,,0.161463439,
356,200,1,356,153,0.035220734,0.719473108,356,200,0.017245084,0.994035215,356,200,0.003267959,0.540680839,356,194,0.04263129,0.917014087,,19.63892818,,0.015387315,,0.176681674,
357,180,0,357,200,0.067710177,0.962036442,357,200,0.020462844,1.199776237,357,200,0.019291444,2.02325362,357,165,0.041139455,1.080479172,,15.15544457,,0.019667418,,0.416675926,
358,200,1,358,200,-0.02136225,2.286444084,358,183,-0.056159057,0.76767976,358,166,0.233775363,2.064694204,358,200,0.030123252,2.008859084,,14.09565536,,0.112343659,,0.594703795,
359,200,1,359,168,0.084156571,1.039650744,359,187,0.078666951,1.133961982,359,200,0.014009418,0.888020502,359,200,-0.045373701,1.792005021,,13.10295768,,0.052927949,,0.345381959,
360,167,0,360,164,0.019967428,0.853292366,360,200,0.00060512,1.477709948,360,181,0.065257273,0.860315832,360,193,0.095862112,1.591663288,,13.64734406,,0.037396962,,0.341336365,
361,163,0,361,200,-0.002981408,1.91036439,361,200,0.018277634,1.6826356,361,200,0.022156631,1.83045105,361,200,-0.040783876,0.919610151,,0,,0.024972122,,0.393186413,
362,175,0,362,200,-0.087467748,1.372049027,362,179,0.037337414,0.624329223,362,187,0.033640247,0.735953271,362,200,0.11256718,1.554987258,,8.958236434,,0.071658956,,0.398949409,
363,184,0,363,154,0.041876478,0.752554751,363,184,0.031577427,0.591220455,363,200,0.031305046,0.539467657,363,200,-0.001296977,2.202673242,,18.78163997,,0.016250895,,0.686476045,
364,199,0,364,182,0.042815569,0.707866216,364,166,0.072225555,0.840602854,364,200,0.016703772,1.397607625,364,200,-0.005533813,1.52449618,,14.17744688,,0.029056124,,0.349491758,
365,160,0,365,179,0.036535998,0.690227454,365,198,0.006232877,0.627312937,365,141,0.055298047,0.779435952,365,148,0.055785564,0.886092517,,23.1354706,,0.020161747,,0.097392063,
366,200,1,366,172,0.06894384,0.695977845,366,200,0.03307775,0.814489255,366,141,0.003179678,0.76110508,366,142,-0.147714943,0.779998234,,24.35544087,,0.082500534,,0.043114955,
367,174,0,367,183,0.007575439,0.622803927,367,200,-0.01017566,1.085875015,367,192,0.101369278,1.45793868,367,189,0.099442867,1.104167127,,6.123724357,,0.051243424,,0.296596917,
368,200,1,368,156,0.071549868,1.00795493,368,196,0.054400055,0.83653975,368,187,-0.009904368,0.713637185,368,200,-0.051172417,1.492312119,,17.25362281,,0.049354157,,0.296024184,
369,182,0,369,169,0.008158491,0.810218094,369,163,0.085311418,0.948610833,369,200,0.015999994,1.302637874,369,200,0.008598489,0.755796942,,17.1318417,,0.03236316,,0.213034446,
370,158,0,370,200,0.011613331,0.682260609,370,168,0.006312242,0.803911081,370,192,0.051779095,1.014093524,370,193,0.058422293,0.696131843,,12.09080229,,0.023263831,,0.132758471,
371,144,0,371,200,0.020143389,0.832036777,371,168,0.066834186,0.705146758,371,200,-0.049193489,1.854000758,371,200,-0.047834008,2.213032172,,13.85640646,,0.048875878,,0.646632973,
372,183,0,372,200,-0.001339104,1.134038477,372,174,-0.005674546,0.600045975,372,177,0.053995071,0.624504327,372,185,0.037376749,0.626112772,,10.07472084,,0.025334796,,0.224170951,
373,125,0,373,186,0.055274034,0.643935122,373,166,0.063236495,0.549257302,373,164,0.013561374,0.695503801,373,186,0.010294213,0.554577055,,10.52378259,,0.023858578,,0.061687098,
374,146,0,374,158,0.014672339,0.73171855,374,162,0.081184272,0.699981865,374,200,-0.008792328,2.105940318,374,200,-0.047721125,1.707805961,,20.04993766,,0.046834291,,0.612024247,
375,168,0,375,152,0.055600577,0.674637378,375,200,-0.001584212,1.832825172,375,159,0.03431908,0.806534089,375,200,0.046353982,0.932932903,,22.38721733,,0.021708952,,0.454461799,
376,200,1,376,145,0.101013265,1.179152039,376,189,0.024469517,0.657005327,376,171,0.017671096,0.550714407,376,146,0.01908353,0.663219216,,18.38987493,,0.034995148,,0.244661939,
377,146,0,377,200,0.009155645,0.731530693,377,200,0.033579315,1.817153436,377,200,0.027440015,1.639732714,377,200,-0.05973234,2.112363417,,0,,0.037097981,,0.515516336,
378,176,0,378,164,0.046186485,0.667329692,378,200,0.066438828,1.744057093,378,200,0.036631505,1.625565377,378,169,0.061841907,0.760704532,,16.84302526,,0.011967978,,0.488318749,
379,162,0,379,126,0.068923273,0.777061326,379,200,0.027666604,1.535989115,379,200,0.040521348,1.019271665,379,156,0.102086397,0.953632765,,31.34884368,,0.028616407,,0.282429086,
380,200,1,380,160,0.108327438,0.93949049,380,200,-0.035540047,2.213590826,380,180,0.081961986,1.097741882,380,157,0.049096417,1.255784617,,17.29703732,,0.054170742,,0.495977964,
381,200,1,381,177,0.084389111,1.678598468,381,198,0.019721888,0.81534168,381,178,0.048798282,0.927823833,381,200,0.009254122,1.71051717,,10.77903057,,0.029168235,,0.413558784,
382,200,1,382,152,-0.023384926,0.88100527,382,200,-0.020055171,1.923807942,382,180,0.049884319,0.675974293,382,189,0.059363458,0.622711115,,17.7816619,,0.038336886,,0.527314524,
383,153,0,383,200,0.017804952,1.280291599,383,167,0.070962137,1.299498323,383,200,-0.020762606,2.059796121,383,178,0.069423512,0.884378024,,14.28941916,,0.038346244,,0.425494496,
384,187,0,384,200,-0.056523812,1.457064324,384,200,-0.054097674,1.61658342,384,197,0.098958952,0.743816829,384,200,-0.030096458,1.231517339,,1.299038106,,0.064000424,,0.329098102,
385,153,0,385,200,0.009934431,1.433596038,385,200,0.060921572,1.014679494,385,200,-0.0079334,2.321530666,385,200,0.014777785,0.578603348,,0,,0.025407258,,0.643756044,
386,167,0,386,147,0.035634366,0.777088082,386,167,0.115055508,1.736151189,386,200,0.027906387,1.353512991,386,178,0.149831438,1.575746811,,19.14418972,,0.05188838,,0.363270983,
387,200,1,387,143,0.15776853,1.360964438,387,200,-0.032990794,2.229786673,387,163,0.116436399,1.311469875,387,145,0.072841446,1.669193459,,22.87329229,,0.071036761,,0.365534161,
388,149,0,388,200,0.025326217,1.201096611,388,166,0.07397783,1.192731336,388,200,-0.009966676,1.607824748,388,178,0.003509554,0.913126694,,14.62873884,,0.031900824,,0.247678107,
389,200,1,389,200,0.032156027,0.580028616,389,200,-0.047832671,1.176957051,389,164,0.067948285,0.749532306,389,200,0.016149614,1.999557288,,15.58845727,,0.04192072,,0.548978724,
390,200,1,390,149,0.047509479,0.940331391,390,181,0.038179606,0.939399579,390,153,0.024750703,0.822665244,390,200,-0.030594836,2.30951867,,20.90902915,,0.030288901,,0.611867343,
391,200,1,391,200,0.018220516,0.719072807,391,155,0.039848186,0.679826426,391,200,0.031465428,0.65740846,391,200,0.060408442,0.6452576,,19.48557159,,0.015316857,,0.028103233,
392,200,1,392,152,0.061499385,0.914805244,392,200,-0.057198524,1.906177617,392,200,0.016036895,1.755640188,392,178,0.035261848,0.814140648,,19.7673974,,0.044106679,,0.487441252,
393,200,1,393,197,0.034877267,0.673932826,393,200,0.001103307,0.640291019,393,170,0.074972638,0.646678322,393,179,0.11177513,1.084846987,,12.45993579,,0.041624028,,0.187147604,
394,200,1,394,200,0.008105171,0.883781267,394,150,0.058340156,1.068461344,394,200,0.01349901,1.06255567,394,200,-0.017103185,2.269450368,,21.65063509,,0.027188036,,0.552559397,
395,200,1,395,200,-0.020305031,1.816428594,395,200,0.003657591,2.32928133,395,147,0.062831178,0.942479776,395,158,0.067487256,0.961911737,,24.06631463,,0.037741507,,0.588976829,
396,200,1,396,200,-0.024895475,2.061576166,396,200,0.027221285,0.625981856,396,192,-0.003417602,0.670009105,396,200,0.001687634,0.699289107,,3.464101615,,0.018541996,,0.605257466,
397,164,0,397,149,-0.032995911,0.818082985,397,200,0.021084515,1.825373054,397,199,-0.086070598,0.543806172,397,195,0.039290385,0.575144443,,21.29994131,,0.049050976,,0.521736735,
398,200,1,398,200,-0.099582146,2.235656809,398,200,0.055331038,1.940593903,398,200,0.005020975,2.09892791,398,200,0.004884586,1.068748456,,0,,0.056418731,,0.45510204,
399,200,1,399,200,0.017552809,1.956831472,399,200,0.049924836,1.716909509,399,200,0.037909242,1.924672224,399,200,-0.017154838,1.784464158,,0,,0.025425213,,0.098645367,
400,200,1,400,200,0.066877145,0.850419896,400,200,0.062844962,2.073678389,400,200,0.086267006,1.844174258,400,200,0.078262439,1.947163672,,0,,0.009260851,,0.48515725,
401,200,1,401,200,0.005332722,1.852897565,401,200,0.061745384,1.410043914,401,200,0.071992418,1.953465345,401,200,0.050570343,1.744732739,,0,,0.025447414,,0.2044544,
402,200,1,402,200,0.029058778,1.924241028,402,200,0.06534566,1.938953961,402,200,0.020549455,1.948385898,402,200,0.067903216,1.56572765,,0,,0.021144823,,0.161079457,
403,200,1,403,200,0.078408065,1.841536031,403,200,0.044035339,1.894158573,403,200,-0.013389753,1.679521404,403,200,0.021589792,1.308146369,,0,,0.033411873,,0.229254394,
404,200,1,404,200,-0.021014083,1.728407978,404,200,0.009757319,1.63674528,404,200,0.052334111,1.888736481,404,200,0.051277817,1.437376086,,0,,0.030711161,,0.163129682,
405,200,1,405,200,0.085298722,1.981215589,405,200,0.030560305,1.468917217,405,200,0.082742079,1.382146183,405,200,-0.000739411,1.945183233,,0,,0.036294938,,0.270878358,
406,200,1,406,200,0.035866323,1.275213161,406,200,0.034393902,1.941725369,406,200,-0.059458593,2.041368783,406,200,-0.009917412,1.911485816,,0,,0.039060266,,0.302467837,
407,200,1,407,200,-0.052395942,2.520514753,407,176,0.058880053,0.954754194,407,200,0.00658645,1.607793997,407,200,-0.037582797,1.957264344,,10.39230485,,0.043352713,,0.567644995,
408,200,1,408,200,0.011497262,1.831786742,408,200,0.002021917,0.874431546,408,200,0.04720778,1.221824249,408,200,-0.019435566,2.106360718,,0,,0.024064217,,0.48635828,
409,200,1,409,200,0.028138267,1.513977862,409,200,-0.007391892,1.902959669,409,200,0.05078187,1.95899218,409,200,0.060340924,1.176349374,,0,,0.026071335,,0.316915753,
410,200,1,410,200,0.029409355,1.710843876,410,200,-0.101087149,1.659414809,410,200,-0.029924568,1.380999874,410,200,0.001324931,1.93020771,,0,,0.048648911,,0.195581732,
411,200,1,411,200,0.076114449,1.332529765,411,200,0.024288787,1.898267171,411,200,-0.036269104,1.269686184,411,200,0.032030688,1.526293059,,0,,0.040040134,,0.245060991,
412,200,1,412,200,0.022347615,1.494172814,412,200,0.061630789,1.981576376,412,200,0.015888348,2.058690048,412,200,0.036800145,1.945408901,,0,,0.017571284,,0.220785978,
413,200,1,413,200,0.016087972,1.947851878,413,200,0.060213697,1.948141431,413,200,0.059229661,1.749777065,413,200,0.107223065,1.954250318,,0,,0.032237503,,0.086771866,
414,200,1,414,200,-0.077506887,2.156341374,414,200,0.025338603,2.106028909,414,200,0.114382979,1.707356722,414,200,-0.019882618,2.061229423,,0,,0.070142971,,0.176659496,
415,200,1,415,198,0.138728406,1.902809598,415,200,0.037729285,1.516659297,415,200,-0.04237828,1.874899626,415,200,0.022943809,1.344424117,,0.866025404,,0.064860107,,0.237314497,
416,200,1,416,195,0.028486363,1.247876122,416,200,0.055976104,1.932533998,416,200,0.010001268,1.416832323,416,162,0.028249599,1.46857214,,15.86466199,,0.016418143,,0.253709377,
417,200,1,417,200,0.021253631,2.209207197,417,200,0.141245982,1.900960477,417,200,0.093652765,2.004021154,417,200,0.006729389,1.953855894,,0,,0.054638731,,0.116795126,
418,200,1,418,200,-0.045134653,1.395074849,418,200,0.07057932,1.860697348,418,200,0.038220856,2.038691216,418,200,0.045190631,1.804256994,,0,,0.043471798,,0.235624583,
419,200,1,419,200,-0.064994612,2.036682107,419,200,0.026645258,1.786216152,419,200,0.056656995,1.6765656,419,200,-0.15318727,1.674415845,,0,,0.082253413,,0.147517184,
420,200,1,420,200,0.065631928,1.590721613,420,200,0.051438835,1.960548716,420,200,-0.007319293,1.934930175,420,200,0.04133233,2.068865881,,0,,0.027426532,,0.179269569,
421,200,1,421,200,0.028101327,1.912302074,421,200,0.051443861,1.822604228,421,200,0.083678702,1.891845144,421,200,-0.070730915,1.888919766,,0,,0.057668027,,0.03373753,
422,200,1,422,200,0.009203192,2.049933657,422,200,0.040151794,1.903639165,422,200,-0.002080846,1.96586847,422,200,0.057299414,1.896646739,,0,,0.023719776,,0.06158274,
423,200,1,423,200,0.014063257,2.097075429,423,200,0.005413003,1.685816575,423,200,0.028870354,1.493112557,423,200,-0.04512337,2.073393925,,0,,0.027812292,,0.257213835,
424,200,1,424,200,-0.040011675,2.014376449,424,200,-0.005228418,1.489905818,424,200,0.024313872,1.96451013,424,200,0.047492556,2.014444673,,0,,0.032781607,,0.220856263,
425,200,1,425,200,0.022584359,1.545171143,425,147,0.060373114,1.178911436,425,200,0.067518606,1.990900625,425,200,0.002208139,1.808292837,,22.9496732,,0.026881623,,0.305250611,
426,200,1,426,200,0.062677202,1.216652756,426,200,0.013848946,1.895255047,426,200,-0.003314452,1.390356915,426,200,0.03335462,1.71680457,,0,,0.024518597,,0.266242466,
427,200,1,427,200,0.011667565,2.111425936,427,200,0.046749313,1.401973246,427,200,0.041790762,1.773643523,427,200,-0.071620644,1.92413765,,0,,0.047416534,,0.260521103,
428,200,1,428,200,0.029895453,1.61409633,428,184,0.012235481,1.491253045,428,173,0.105469859,1.665295136,428,200,0.063462448,1.732635874,,11.43186337,,0.035559442,,0.088336894,
429,168,0,429,200,-0.023752487,2.006453632,429,200,-0.012377338,1.692149691,429,200,0.005476986,2.052676882,429,200,-0.070477139,1.624786926,,0,,0.028096198,,0.187783193,
430,156,0,430,200,0.035384689,1.908942586,430,200,0.040867693,1.601478951,430,200,0.03035661,1.448221879,430,200,0.078779466,2.028807715,,0,,0.019090263,,0.232425071,
431,200,1,431,200,0.039599454,1.747521918,431,146,0.042723359,1.461687441,431,200,0.02312151,1.768245927,431,200,0.024643376,1.197161333,,23.3826859,,0.008726397,,0.233869273,
432,163,0,432,178,-0.012762115,1.33977402,432,200,0.067608024,1.015346422,432,171,-0.006257223,1.241821289,432,200,-0.007323316,1.877924499,,12.98797521,,0.033169235,,0.316663567,
433,167,0,433,200,0.062136353,1.837888308,433,167,0.001061934,1.234879693,433,200,-0.074623172,1.718540912,433,200,0.043364756,1.272748937,,14.28941916,,0.052574079,,0.265910986,
434,138,0,434,187,0.053568883,1.14849639,434,120,0.028273805,1.648192556,434,154,0.035866831,1.33796812,434,200,0.029603562,1.835823782,,31.04331651,,0.010081515,,0.266612977,
435,159,0,435,200,0.007643095,2.009371944,435,200,0.070698526,1.001736447,435,144,0.039782355,1.217977905,435,149,0.009268093,1.24468876,,26.80834758,,0.025826571,,0.381843706,
436,200,1,436,200,0.023927648,1.893226624,436,191,0.005894606,0.839594433,436,158,0.049551587,1.072062228,436,173,0.045148668,1.02900652,,16.22498074,,0.017496977,,0.404899691,
437,170,0,437,138,0.06327754,1.212652305,437,200,0.002442568,1.097374078,437,146,0.025509945,1.150766979,437,200,0.068991143,0.938818101,,29.13760457,,0.027399089,,0.101555761,
438,153,0,438,200,-0.058298301,2.308225164,438,151,0.050658159,1.345410195,438,200,-0.009881471,1.180449274,438,161,0.038722606,1.155122461,,22.28227996,,0.043155689,,0.473853877,
439,178,0,439,149,0.052291549,1.104163983,439,148,0.004349832,1.049794435,439,165,0.070600799,1.05791211,439,153,0.105329212,1.25177154,,6.759252917,,0.036433775,,0.081134687,
440,193,0,440,200,-0.064895607,1.159742097,440,200,-0.050528867,1.36673505,440,149,-0.025194159,0.970296633,440,116,0.019449793,1.206959223,,35.70976757,,0.03204362,,0.141347541,
441,172,0,441,200,-0.048505696,2.401626399,441,135,0.087130403,1.710323088,441,200,-0.108453798,2.41265998,441,133,0.01540268,1.171713013,,33.00757489,,0.072806971,,0.519256454,
442,196,0,442,200,-0.021861611,2.294883444,442,200,0.016609637,2.233908043,442,188,0.08360781,1.881951468,442,200,-0.002406071,1.995021397,,5.196152423,,0.039710746,,0.169165809,
443,155,0,443,145,0.088643863,2.133036858,443,177,0.03631631,1.106194815,443,199,0.048369073,0.974433475,443,148,-0.011331022,1.294984497,,22.18529919,,0.035650077,,0.451030327,
444,133,0,444,169,0.014837816,1.041939065,444,174,0.161121964,1.932121937,444,200,-0.060190836,1.723414368,444,200,-0.01579371,1.076683892,,14.35923048,,0.082997085,,0.391442424,
445,200,1,445,172,0.009576561,0.84098119,445,151,0.083613999,1.47035534,445,200,0.068796255,1.797181541,445,200,0.049077734,1.169759819,,20.63219571,,0.027782634,,0.354379508,
446,200,1,446,162,0.01270217,1.950410745,446,200,0.049013702,1.193350676,446,200,-0.011597188,2.033290184,446,186,0.050042725,1.034985065,,15.5241747,,0.02595371,,0.443368095,
447,200,1,447,177,0.082611908,1.610719745,447,200,-0.126100072,2.045041646,447,187,0.054668108,1.758135484,447,200,0.010946727,2.189263981,,9.669539803,,0.080174795,,0.22831822,
448,200,1,448,200,0.018565557,1.795838091,448,200,0.045388993,1.132216096,448,200,0.007998531,2.120864057,448,200,-0.01137131,2.383966952,,0,,0.020497476,,0.468071824,
449,200,1,449,179,0.055061599,1.101259027,449,200,0.015123414,2.054754527,449,200,0.070252836,1.862653883,449,200,0.042182523,1.403997684,,9.09326674,,0.020234707,,0.375106579,
450,145,0,450,200,0.043610058,1.844932204,450,200,0.007959598,1.744365625,450,174,0.043015784,1.127317372,450,200,0.06276631,1.909534937,,11.25833025,,0.019781724,,0.311162333,
451,200,1,451,200,-0.061839899,1.965042149,451,188,0.066019939,1.067117464,451,187,0.046066748,1.091252983,451,200,0.018414864,1.893855702,,6.259992013,,0.048645278,,0.425961671,
452,150,0,452,192,0.013283625,0.724727193,452,200,-0.006953623,1.058627682,452,147,0.019856724,1.291119311,452,200,0.006108607,2.14701429,,22.0383189,,0.009945665,,0.525974342,
453,137,0,453,161,0.074024935,1.141228862,453,151,0.02500055,1.026389944,453,106,0.039701254,1.761242877,453,167,0.030160038,1.051048126,,23.93089008,,0.019103993,,0.301115776,
454,144,0,454,185,0.002724107,0.906262288,454,200,-0.045317836,1.864952445,454,132,0.058809052,1.207263585,454,200,0.041295918,1.47720276,,27.95867486,,0.039994058,,0.352795375,
455,183,0,455,111,0.033018286,1.472258021,455,200,0.02422925,1.893562388,455,117,0.048556751,1.350815599,455,200,-0.043420666,2.212208459,,43.05229378,,0.035169046,,0.342589344,
456,112,0,456,200,-0.012426088,1.446066256,456,137,0.091698137,1.396222063,456,200,0.083611902,0.86481689,456,165,-0.010156202,0.940661436,,26.42442052,,0.049562116,,0.261181048,
457,181,0,457,164,0.067196267,1.211851775,457,115,-0.000398176,1.554823901,457,128,0.052765655,1.405207299,457,157,0.106828079,1.831301838,,20.18662924,,0.038401286,,0.226262617,
458,200,1,458,200,0.001851049,1.33156904,458,200,-0.057746608,1.948307121,458,200,-0.016719111,2.159794383,458,200,-0.006753755,2.151798036,,0,,0.02284952,,0.337758979,
459,146,0,459,118,0.006581684,1.499834156,459,191,0.060670325,1.159712881,459,200,0.027853257,1.198127481,459,200,-0.047928756,2.313908354,,34.40475985,,0.039499274,,0.464222201,
460,168,0,460,186,0.059861271,0.945270522,460,167,-0.01580527,0.991718415,460,149,0.012187602,1.449615502,460,152,0.053222402,1.436080779,,14.67140075,,0.030897567,,0.237792822,
461,136,0,461,200,0.023484522,1.748222859,461,200,0.012602016,1.927053292,461,197,-0.002041554,0.820559409,461,200,0.031281757,0.873808261,,1.299038106,,0.012511535,,0.499601713,
462,111,0,462,200,0.011368116,0.862920289,462,152,0.026226872,1.110768793,462,178,0.037735937,0.995366647,462,200,0.012822266,1.676307483,,19.7673974,,0.01075579,,0.309980013,
463,139,0,463,153,-0.012624717,0.935942093,463,200,-0.003160493,2.222416514,463,133,0.072956801,1.312853914,463,200,0.037558912,0.946903382,,29.36409372,,0.034129429,,0.523531086,
464,200,1,464,169,-0.006259905,1.024288429,464,143,0.212422765,2.248502559,464,200,0.011303834,1.515389119,464,200,-0.133717552,2.346401593,,23.84323804,,0.123912568,,0.543454495,
465,135,0,465,200,0.00163643,2.026299577,465,177,0.003092402,0.837025597,465,200,0.011675087,0.888677049,465,174,0.052180651,1.985186443,,12.29583263,,0.020587667,,0.571922305,
466,183,0,466,200,0.045279109,1.57008362,466,168,-0.001709506,0.905653088,466,190,0.085772397,1.249286216,466,104,0.08703422,1.736585808,,37.3463519,,0.036332879,,0.318010975,
467,152,0,467,200,0.086640343,1.540611284,467,192,-0.038687359,0.900419059,467,180,0.057191806,1.234271962,467,200,0.035847278,0.960116168,,8.185352772,,0.046339778,,0.253826632,
468,200,1,468,152,0.059674819,1.33002591,468,200,0.025772032,2.008412516,468,200,-0.001880317,2.175393816,468,200,0.026917506,0.891811878,,20.78460969,,0.021804178,,0.517756528,
469,130,0,469,178,0.004588745,0.915502958,469,195,0.044699426,1.18368614,469,193,0.090130631,1.294655802,469,200,0.066379281,1.730483896,,8.200609733,,0.031466737,,0.293802783,
470,200,1,470,200,-0.100635749,0.998104331,470,197,0.066272744,1.010180396,470,200,-0.057594185,2.26467272,470,200,0.015520634,1.075341022,,1.299038106,,0.064453421,,0.536354221,
471,173,0,471,200,-0.007320957,2.140783953,471,200,-0.070222695,1.961779773,471,162,0.072491044,1.396038574,471,200,-0.009667845,1.979608445,,16.45448267,,0.050692872,,0.282134773,
472,157,0,472,183,0.01965325,0.764675479,472,146,0.067026158,1.352284371,472,200,-0.01517443,1.757068258,472,200,-0.004983399,2.299999926,,22.04965986,,0.031731584,,0.561478982,
473,200,1,473,200,-0.023641795,1.538556198,473,197,0.04456751,0.881160521,473,200,0.086394977,1.69537424,473,200,0.016533896,1.872685106,,1.299038106,,0.040148691,,0.37465878,
474,200,1,474,200,0.081143513,1.400680914,474,200,0.114552219,1.862789235,474,200,0.005253421,1.268799019,474,144,0.025916433,1.30824921,,24.24871131,,0.043412965,,0.237352044,
475,144,0,475,200,0.036703232,1.570067008,475,200,0.074189094,0.988531165,475,200,0.009236591,1.388573392,475,200,0.0458477,1.300857745,,0,,0.023191678,,0.210486521,
476,172,0,476,200,0.064928882,1.686737883,476,131,0.049218142,1.292512445,476,180,0.009198077,0.802072098,476,198,0.065476826,1.059233885,,27.81523863,,0.022894184,,0.325277893,
477,200,1,477,200,0.029292222,1.054586397,477,195,0.045399591,0.887250552,477,151,0.013646887,1.229306688,477,200,-0.076991111,2.026056139,,20.59732992,,0.047436362,,0.436675808,
478,167,0,478,132,0.049247364,1.248921815,478,200,0.045184479,1.393234325,478,200,0.020216618,2.166380363,478,200,0.010216817,1.201926126,,29.44486373,,0.016448409,,0.389654533,
479,200,1,479,200,0.022222667,0.885313847,479,200,-0.026113926,2.019406853,479,200,0.029400395,1.021713013,479,200,-0.027626754,2.132132134,,0,,0.0264683,,0.564604847,
480,200,1,480,187,0.043774355,1.093939633,480,174,0.007839901,0.753542208,480,177,0.067697396,1.035230879,480,157,0.053394719,1.112823581,,10.80219885,,0.022106102,,0.144509076,
481,200,1,481,153,0.026174592,1.068760481,481,200,-0.002279477,1.888952294,481,149,0.029575894,1.148857605,481,200,-0.108366591,2.062531052,,24.54078238,,0.056024494,,0.438703987,
482,200,1,482,132,0.030614342,1.183902619,482,200,-0.015899843,1.881375372,482,200,-0.0230289,2.027518409,482,200,-0.038211856,1.550016904,,29.44486373,,0.025687283,,0.325130687,
483,200,1,483,181,0.007775735,0.84189654,483,200,0.031631723,1.082983672,483,200,0.046838349,1.942973729,483,200,0.106855435,1.962273609,,8.227241336,,0.036574993,,0.502421943,
484,126,0,484,200,0.007994884,1.950382324,484,177,0.121536147,1.088275667,484,199,0.057043057,1.123195235,484,200,0.025952037,1.767531041,,9.823441352,,0.043216123,,0.382318325,
485,136,0,485,200,0.043034916,1.809675382,485,125,0.007393092,1.663811249,485,200,-0.002862538,1.128909404,485,200,0.004765651,1.897404994,,32.47595264,,0.017698381,,0.298295852,
486,200,1,486,200,0.023800813,1.84693539,486,179,0.057783088,1.293818153,486,200,0.083832039,1.217893755,486,122,0.096735142,1.676966114,,31.91688425,,0.027883978,,0.261466527,
487,164,0,487,168,0.052459404,1.216296149,487,150,0.021817497,1.154982797,487,163,0.054049595,1.366915016,487,111,0.085102967,1.633224187,,22.34949664,,0.022382091,,0.184530659,
488,171,0,488,200,0.023175849,1.857667325,488,197,0.010521451,0.813791588,488,176,0.021810976,0.934946766,488,200,0.009003063,1.397446436,,10.03431612,,0.006406374,,0.412472011,
489,200,1,489,139,0.072306377,1.183183788,489,124,0.002100629,1.264937472,489,189,-0.004618383,0.852390008,489,103,0.044769286,1.574893887,,31.70469208,,0.031533175,,0.257126578,
490,126,0,490,140,0.02181704,1.142396668,490,200,0.012825586,1.767789047,490,200,-0.00147788,1.043527973,490,200,-0.095247273,2.115843788,,25.98076211,,0.04677378,,0.443286544,
491,200,1,491,200,-0.018287626,2.173714943,491,137,0.062347287,1.722973189,491,200,0.038613162,1.987662005,491,121,0.067818474,1.76925438,,35.94787894,,0.034095585,,0.180498646,
492,200,1,492,121,0.078280482,1.799110975,492,142,0.041125748,1.578921813,492,200,0.134758799,1.849819547,492,188,0.084564842,1.122664517,,32.39888115,,0.033338514,,0.287113346,
493,128,0,493,149,0.018688153,0.866168578,493,200,0.087106755,1.414595967,493,200,0.084956395,1.776853097,493,200,-0.031079535,1.713470483,,22.0836478,,0.049362415,,0.35991431,
494,200,1,494,174,0.097912143,1.615955792,494,200,-0.005451384,1.862712983,494,112,0.092464064,1.575250424,494,200,0.074253053,1.227863367,,35.95483278,,0.041491962,,0.226316743,
495,132,0,495,136,0.058008154,1.521047169,495,149,0.045321427,0.941849318,495,136,-0.020282509,1.112238431,495,200,-0.055392349,1.580665355,,26.37588861,,0.046656924,,0.269570402,
496,116,0,496,200,-0.025122961,1.079871481,496,200,0.000537446,1.781965439,496,200,0.005203389,1.40354144,496,103,0.077364951,1.48014633,,42.00223208,,0.038089897,,0.249760627,
497,116,0,497,200,0.024341162,0.954246333,497,126,0.00028417,1.186885067,497,139,-0.066635014,1.091687282,497,198,0.0338432,0.767832548,,33.57361315,,0.039247571,,0.15758141,
498,152,0,498,138,0.036589973,1.135111153,498,200,0.01692134,1.834965698,498,101,0.038315771,1.540913613,498,87,0.008844067,1.826066935,,43.71784533,,0.012627386,,0.285016463,
499,117,0,499,148,-0.016134897,1.535221926,499,122,0.027914393,1.205490828,499,131,0.076655961,1.218507727,499,113,0.052523525,1.384853405,,12.93251716,,0.034303959,,0.135012136,
,,217,,,,,,,,,,,,,,,,,,,16.89891402,,0.063261792,,0.536457624
,,,,,,,,,,,,,,,,,,,,,,,,,
,,,,,,,,,,,,,,,,,,,,,,,,,
,,,,,,,,,,,,,,,,,,,,,,,,,
,,,,,,,,,,,,,,,,,,,,,,,,,
,,,,,,,,,,,,,,,,,,,,,,,,,
,,,,,,,,,,,,,,,,,,,,,,,,,
,,,,,,,,,,,,,,,,,,,,,,,0.051780135,,0.318629017
