0,12,,0,25,4.733206748,51.9021018,0,19,4.485830075,39.93623143,0,16,4.29953842,33.68809977,0,14,3.561023951,32.23948241,,,,0.43722495,-0.508208549,7.753741484,-0.367744757
1,51,,1,11,2.108877004,16.79877303,1,12,2.051727714,18.83758277,1,29,4.521858024,48.30126272,1,15,2.73808674,25.40770474,,,,0.999253496,,12.51515892,
2,23,,2,12,1.771308477,12.70650387,2,11,1.303817826,11.81192355,2,11,1.60184353,11.51034422,2,39,4.278629412,49.22228662,,,,1.18947021,,16.11957327,
3,8,,3,12,0.925101449,11.3823435,3,13,1.001743664,12.78448931,3,12,0.977524261,10.52055606,3,11,1.107540425,9.828925401,,,,0.066421898,,1.102862837,
4,10,,4,8,0.254560406,6.664319432,4,8,0.234436481,6.70358783,4,14,1.306986671,13.35987776,4,10,0.253611726,9.165252005,,,,0.458825763,,2.727723163,
5,11,,5,12,1.516123141,9.367483237,5,17,2.72499391,17.62930877,5,10,1.101073977,8.207394108,5,10,1.068697794,8.023933628,,,,0.671532984,,3.972389542,
6,14,,6,15,1.394184455,12.91278209,6,11,0.882595666,7.166217363,6,11,0.879099973,7.142397652,6,10,0.896881869,6.50402608,,,,0.220067814,,2.600950298,
7,8,,7,13,0.948302425,9.527529523,7,12,0.943645467,8.178978572,7,15,1.579301667,11.3081552,7,10,0.39971696,6.019834484,,,,0.417617113,,1.931856741,
8,10,,8,11,0.506787636,6.21649168,8,12,0.751368764,7.491916944,8,9,0.346400614,4.674365656,8,12,0.358791647,6.17010038,,,,0.163117341,,0.997811076,
9,12,,9,10,0.730449057,5.009032085,9,10,0.213793513,4.92214726,9,11,0.880986447,6.147329942,9,11,0.767770167,5.844095386,,,,0.256885406,,0.526997026,
10,9,,10,11,0.800661984,5.13297494,10,15,1.760399652,9.299379113,10,9,0.443959232,3.277682297,10,9,0.228027783,3.243229947,,,,0.586517715,,2.466160134,
11,9,,11,10,0.575181163,3.316441067,11,8,0.192891,2.311267973,11,20,2.663358417,11.8163014,11,11,0.69431271,4.148005589,,,,0.960227718,,3.762242718,
12,14,,12,17,2.005797928,8.729717312,12,13,0.899457795,4.554073741,12,17,1.721181886,7.892474425,12,11,0.472196909,3.34261856,,,,0.616171277,,2.242648253,
13,10,,13,8,-0.011208866,3.41218457,13,14,0.856415591,4.799236699,13,11,0.355101153,3.634830044,13,11,-0.12471907,3.075181179,,,,0.382753889,,0.64848251,
14,13,,14,18,1.373379893,6.782769427,14,17,1.358404128,5.341722636,14,9,-0.077448189,1.478852601,14,10,0.326510572,1.6664997,,,,0.636922319,,2.302832569,
15,18,,15,18,0.964830297,4.779850971,15,11,0.573446568,1.913384792,15,9,0.297003344,1.304004982,15,10,0.215378464,1.199034283,,,,0.292846841,,1.458017513,
16,10,,16,14,0.990391391,2.771562115,16,9,0.173130673,0.804076425,16,9,0.167090177,0.764295606,16,14,0.686501285,2.050463669,,,,0.351021985,,0.852547422,
17,10,,17,9,-0.096019056,0.666078661,17,9,0.154383203,0.644794351,17,15,1.047262286,2.9048413,17,9,0.150030224,0.597574062,,,,0.435359847,,0.982685356,
18,9,,18,13,0.549304905,1.386023594,18,8,0.058365791,0.624551227,18,10,0.27387829,0.754005547,18,10,0.146642285,0.623763562,,,,0.185311494,,0.315639168,
19,11,,19,13,0.636579574,1.230672422,19,15,1.011606262,2.496197143,19,11,0.391297745,0.812095173,19,13,0.638105679,1.292681136,,,,0.221643015,,0.627306639,
20,13,,20,14,0.411825936,0.922574005,20,9,0.0697435,0.304537546,20,10,0.129886804,0.271379421,20,10,0.200358533,0.563513045,,,,0.129149211,,0.260822982,
21,8,,21,12,0.311423491,0.488774899,21,11,0.252915108,0.239564136,21,10,0.14393489,0.343997376,21,14,0.631048048,0.829302107,,,,0.181276025,,0.2226605,
22,11,,22,10,0.213649897,0.297446835,22,14,0.551813026,0.847939478,22,17,0.829482452,1.588283016,22,20,1.010299763,2.270202408,,,,0.300859222,,0.745696788,
23,10,,23,13,0.342212462,1.0519411,23,11,-0.03884015,0.451113136,23,16,0.402376441,0.471357598,23,21,0.693139251,1.368943116,,,,0.260645754,,0.391075696,
24,18,,24,20,0.777199148,1.398881661,24,10,0.100945029,0.080886946,24,14,0.80447093,1.858875951,24,10,0.426230634,0.440837412,,,,0.287778932,,0.714501406,
25,10,,25,16,0.305585002,2.396061971,25,10,0.005738307,0.1877262,25,10,-0.031594591,0.559758927,25,17,0.276619314,0.521161799,,,,0.152930378,,0.866569522,
26,18,,26,10,0.157524996,0.501953277,26,10,0.213892697,0.114061815,26,12,0.595225381,0.748538331,26,11,0.08309867,0.272658945,,,,0.197657166,,0.23953269,
27,12,,27,10,0.187420493,0.118452678,27,11,0.395278669,0.36253563,27,13,0.396945542,0.786211554,27,54,1.537412681,5.103215694,,,,0.53119693,,2.040885443,
28,29,,28,28,0.927156641,2.537704222,28,15,0.103762522,1.856817654,28,20,0.637233127,1.333469382,28,14,0.289554538,0.63248796,,,,0.317072539,,0.698564986,
29,14,,29,29,0.831547992,2.314304634,29,14,0.437959451,1.566953011,29,22,0.377224644,1.307608203,29,13,0.177916286,0.295785646,,,,0.237116933,,0.722551994,
30,72,,30,37,0.925832134,2.063796702,30,18,0.228842387,0.183049717,30,16,-0.113577264,1.07643456,30,27,0.675286615,1.081535434,,,,0.400609656,,0.66531804,
31,17,,31,27,0.37465379,1.068835079,31,21,0.200239415,2.213107786,31,28,0.675812393,9.634957788,31,26,0.30307155,1.564987575,,,,0.177115911,,3.496089977,
32,15,,32,33,0.912124244,2.0319078,32,17,-0.145646596,0.75708496,32,21,-1.798319969,13.43311011,32,23,0.169780862,2.563647916,,,,0.991233616,,5.086660414,
33,35,,33,23,0.638573016,3.744938675,33,12,-0.082069487,0.350985039,33,16,-0.014897921,0.731211308,33,14,0.220313654,1.342257834,,,,0.282019818,,1.319917629,
34,21,,34,22,0.40532977,2.680799158,34,28,0.798281568,3.656949792,34,11,0.306438859,0.288502312,34,22,0.521357788,2.070114823,,,,0.18412618,,1.226975866,
35,15,,35,17,0.077874843,0.39567755,35,13,0.01301048,0.614747153,35,40,1.094157268,3.926925569,35,21,0.082295793,1.265042748,,,,0.4496248,,1.408734589,
36,21,,36,10,-0.224341167,0.490702053,36,26,0.369699157,1.119849019,36,45,0.959750352,2.635080055,36,32,0.935193688,3.29586322,,,,0.485285046,,1.127239698,
37,43,,37,20,-0.39593442,1.799453579,37,84,0.994857247,4.763374089,37,39,0.796500855,4.37967329,37,37,0.463247525,1.313056416,,,,0.531942719,,1.523462302,
38,92,,38,74,0.988551103,3.15236,38,15,-0.739559579,2.63235072,38,29,0.122631697,1.018283793,38,30,-0.11229669,4.037181249,,,,0.619479251,,1.098297041,
39,43,,39,40,0.418675258,2.764560785,39,27,0.128924549,4.943894432,39,12,-0.388417375,3.314799573,39,21,-0.406972588,2.526814006,,,,0.351089471,,0.942931947,
40,60,,40,164,1.335014991,5.571102785,40,47,-0.160626035,3.963771749,40,55,0.904672385,7.438342849,40,26,0.052153342,1.845092458,,,,0.611084863,,2.058505946,
41,45,,41,17,-0.278155853,3.820085299,41,46,0.150062753,6.640740098,41,35,0.205260035,4.076456924,41,22,-0.021802031,7.056726845,,,,0.188235359,,1.460485159,
42,29,,42,69,0.969451766,2.429985393,42,75,0.302827248,4.405938495,42,58,0.883727215,2.287640958,42,47,0.119270854,2.335947271,,,,0.364869478,,0.891202747,
43,42,,43,50,0.195521108,0.415827621,43,65,0.199979025,3.907034085,43,108,-0.052178936,4.403624054,43,16,-1.252187573,4.615704477,,,,0.600501239,,1.705208968,
44,90,,44,81,0.459966453,4.175438566,44,25,-0.840596857,2.07214194,44,135,2.509628454,23.12340386,44,56,0.25409946,3.034096688,,,,1.210494247,,8.704930911,
45,47,,45,58,-0.074275833,4.529630198,45,51,-0.270675444,4.806601266,45,49,-0.250907744,4.186933712,45,200,0.286287879,1.842041201,,,,0.223460829,,1.174957808,
46,86,,46,48,0.025868842,3.457672603,46,48,-0.198628009,3.259009296,46,89,0.557879387,2.294416491,46,60,0.321879488,3.935450176,,,,0.28722637,,0.596966624,
47,59,,47,89,0.0111695,2.554801783,47,87,-0.32710455,5.811107893,47,178,0.282901176,1.54177483,47,94,-0.001710675,3.334149792,,,,0.21613442,,1.577424139,
48,65,,48,45,-0.171034158,3.298787723,48,89,-0.327305218,5.057105343,48,56,0.263126847,3.96019457,48,59,-0.112838717,3.775520178,,,,0.216832185,,0.644020192,
49,85,,49,115,-0.09933739,4.086596612,49,120,-0.465798182,7.554916765,49,39,-1.221714612,15.5145415,49,103,-0.035114027,2.694807428,,,,0.471902282,,4.974221777,
50,196,,50,200,0.783509573,3.409471404,50,60,0.533184334,4.573685797,50,51,0.137296051,3.577320399,50,52,0.465303975,4.683973326,,,,0.230547435,,0.57214026,
51,78,,51,138,0.506560406,2.843275561,51,53,0.451797352,4.857493321,51,124,0.475169903,3.412375814,51,102,0.353354457,2.995551705,,,,0.057300033,,0.795812079,
52,94,,52,103,0.165010837,2.165723528,52,97,0.267494587,2.269967331,52,54,-0.05026222,4.107095489,52,66,0.562718655,4.651576482,,,,0.220636736,,1.09837432,
53,107,,53,145,-0.062064048,0.719696987,53,147,0.357952666,2.281892567,53,134,0.364730646,2.821390646,53,200,0.132938257,2.01592236,,,,0.176953169,,0.772510072,
54,142,,54,200,-0.002846972,3.887052726,54,169,0.479397087,1.844581808,54,153,0.085202203,2.283472425,54,200,0.077920353,1.933008248,,,,0.18766019,,0.824799839,
55,107,,55,200,-0.114311531,1.748369557,55,138,-0.373068121,2.244226534,55,143,0.503500244,2.627912058,55,140,-0.320955153,2.771809536,,,,0.348403727,,0.396324002,
56,167,,56,168,0.086835885,2.799327721,56,121,0.068702099,1.931916586,56,182,0.144555349,2.681040114,56,200,0.164632843,1.489172967,,,,0.039585561,,0.539713743,
57,200,,57,151,0.722730126,3.154133349,57,200,-0.114567577,4.117322248,57,177,0.517070433,1.614802767,57,194,0.498699769,2.814889972,,,,0.31314472,,0.89482891,
58,200,,58,148,0.327353619,2.175421948,58,69,-0.315762295,3.368121973,58,141,0.323425816,2.258348692,58,139,0.138487058,1.110628546,,,,0.262010299,,0.798761934,
59,116,,59,199,0.414127714,1.951686636,59,200,0.134644123,2.055438439,59,162,0.209329009,1.445529938,59,200,0.120009506,1.783382427,,,,0.117348063,,0.231223986,
60,200,,60,200,-0.012975123,1.825897605,60,168,-0.154184289,2.579562994,60,200,-0.046874278,2.825182182,60,120,0.481920351,2.611052644,,,,0.245175833,,0.378336942,
61,141,,61,200,0.249989494,1.39265867,61,116,0.313663594,2.203041006,61,183,-0.054058506,2.786318319,61,110,-0.479609425,3.671300815,,,,0.313688676,,0.831805644,
62,200,,62,124,-0.428535648,3.860466697,62,200,0.072913619,1.432531709,62,200,0.011741786,2.338526587,62,139,0.389985544,2.083193748,,,,0.291828017,,0.890198426,
63,191,,63,104,-0.416115933,4.483424653,63,115,-0.459807952,3.58627203,63,39,-1.913674024,17.16703671,63,200,0.054965827,2.349247289,,,,0.738273692,,5.977917141,
64,137,,64,145,-0.399376208,4.229128657,64,200,0.039062564,1.861367183,64,138,-0.112795898,2.070174308,64,99,-0.658510064,6.170399804,,,,0.267976177,,1.75817952,
65,168,,65,143,0.25068831,1.710381743,65,146,0.491378023,2.518188404,65,167,-0.375884468,2.970076055,65,200,-0.152321604,2.628830265,,,,0.338139742,,0.462048551,
66,122,,66,154,-0.239395896,2.807734473,66,190,0.042667321,1.70795596,66,128,-0.407567618,3.901866414,66,136,-0.262622311,2.467619497,,,,0.163038196,,0.789371256,
67,140,,67,109,-0.55356855,4.946700855,67,138,-0.332212384,4.619205593,67,46,-1.619198512,14.27575196,67,141,-0.21182451,3.017506869,,,,0.556376832,,4.425936668,
68,51,,68,122,-0.243325628,3.139846027,68,122,-0.450600983,2.836641039,68,41,-0.720395217,4.489419767,68,151,0.228841624,1.46508902,,,,0.347219504,,1.074636639,
69,129,,69,161,0.031691497,2.243857461,69,153,-0.203191836,2.765839696,69,152,-0.186022844,2.074143319,69,143,-0.260028562,2.826204345,,,,0.110869389,,0.324815312,
70,66,,70,115,-0.464247812,4.897788851,70,159,0.312489783,1.630841837,70,198,0.210236327,1.155108675,70,191,0.014279665,1.618571974,,,,0.298435792,,1.49739632,
71,134,,71,103,-0.844383429,5.875398565,71,171,-0.230259031,2.88051322,71,133,-0.392494932,3.711592834,71,147,-0.025279079,1.867190286,,,,0.301607016,,1.475560583,
72,129,,72,145,0.147754369,1.579725314,72,140,-0.41654182,1.877921248,72,169,-0.142107386,2.44182831,72,200,-0.157024113,1.721413858,,,,0.199722645,,0.327270984,
73,200,,73,129,0.239458536,1.827822038,73,200,0.187539277,1.581995198,73,93,0.409653658,2.446475289,73,200,0.035149574,2.185101474,,,,0.133747633,,0.330736919,
74,175,,74,164,0.303460292,1.730349265,74,67,-1.043985559,9.891644714,74,103,-0.533670926,4.441439995,74,190,0.227320336,1.279011772,,,,0.557782647,,3.428224685,
75,107,,75,48,-1.434082598,13.61005607,75,191,0.18385623,1.254979706,75,142,-0.1748108,2.749389536,75,200,0.085292924,1.699953182,,,,0.647977826,,5.098928313,
76,155,,76,140,0.259553319,2.097795945,76,152,-0.158765846,2.80654249,76,172,0.356221134,1.460136763,76,200,0.181344378,1.695376946,,,,0.193958865,,0.51074132,
77,99,,77,114,0.214231123,1.933892236,77,97,-0.588300085,5.095818089,77,162,-0.263701207,3.708384222,77,200,-0.067922386,2.386945858,,,,0.292251281,,1.233921982,
78,143,,78,136,-0.147011188,2.62690098,78,200,-0.013631576,2.528477301,78,200,0.002757091,2.300985426,78,143,0.177207466,1.592916731,,,,0.115233311,,0.404151813,
79,123,,79,200,-0.07306876,2.058430346,79,178,0.211269977,1.162205305,79,166,0.243640704,1.297784046,79,121,-0.419713336,4.616340036,,,,0.266990432,,1.389400642,
80,168,,80,121,0.284398026,2.324140123,80,144,-0.205179666,2.356939127,80,104,0.490056059,2.93140366,80,146,-0.16635451,2.47599274,,,,0.295898455,,0.242961721,
81,186,,81,200,0.112584481,1.976768107,81,200,0.075454653,1.088035918,81,200,-0.176327366,2.182237526,81,200,-0.034884636,1.67111372,,,,0.112408521,,0.412612986,
82,200,,82,190,0.109950378,0.946425126,82,116,-0.184796212,1.333958599,82,200,0.16183748,1.239412428,82,161,0.051650366,1.156475822,,,,0.132563621,,0.143060879,
83,200,,83,194,-0.241490878,2.417201241,83,200,0.188029598,1.472399603,83,200,0.143769655,1.694428503,83,200,-0.108840121,1.202929443,,,,0.177554923,,0.450901104,
84,200,,84,200,0.228996686,1.594592605,84,200,0.116318428,3.272089165,84,141,0.305342259,1.788862347,84,200,0.678126504,3.509085698,,,,0.210738144,,0.856311741,
85,171,,85,200,0.33247239,1.62821485,85,200,-0.111092293,1.651654078,85,200,0.734760571,2.857429771,85,200,0.961274903,6.564829308,,,,0.408558841,,2.01896753,
86,200,,86,131,-0.113018766,0.566196725,86,200,0.512833766,3.233518905,86,200,-0.106631078,3.264310381,86,200,0.373947513,2.644369351,,,,0.280941522,,1.102429095,
87,200,,87,200,-0.01893511,1.474042618,87,156,0.512829495,2.927148413,87,200,0.069031456,1.957012723,87,200,0.288627964,1.050128963,,,,0.206239001,,0.698716805,
88,200,,88,169,0.5395601,2.90344255,88,200,0.020010467,2.099449863,88,200,-0.043076793,1.865334901,88,200,-0.262521322,2.767035666,,,,0.294182373,,0.437051446,
89,200,,89,200,0.25158128,2.7854108,89,123,-0.000869291,1.833980068,89,187,0.487160141,2.203709768,89,200,0.279601535,2.914443921,,,,0.173192633,,0.437999094,
90,179,,90,185,-0.033806371,4.374601303,90,182,0.464264254,2.923711825,90,129,0.120109508,1.107672936,90,200,0.245769923,1.627061335,,,,0.182328713,,1.264316544,
91,200,,91,200,0.23998251,2.252542544,91,200,0.025524305,1.39222762,91,200,0.196151232,2.787972287,91,200,0.136552115,1.453815071,,,,0.080468987,,0.580768027,
92,200,,92,200,-0.212074355,2.828264957,92,148,-0.26380911,5.920916875,92,200,0.361838597,1.701535528,92,161,-0.290056383,2.17610268,,,,0.268703461,,1.645284113,
93,200,,93,200,0.460382547,2.633548443,93,200,0.43494571,4.084520173,93,200,0.308873681,1.590828401,93,200,0.117456483,1.065440411,,,,0.135677551,,1.152739147,
94,200,,94,200,0.102739584,1.020070388,94,200,-0.103103492,1.682652859,94,200,0.557405854,2.763542001,94,96,-0.302441275,1.020660118,,,,0.319042469,,0.712517637,
95,200,,95,200,-0.082670796,2.498941133,95,200,0.023146509,1.341444936,95,117,-0.035897258,0.793723442,95,200,0.206183952,0.694192831,,,,0.10966264,,0.717352847,
96,200,,96,199,0.657764737,3.265882098,96,152,0.19881441,1.085625901,96,200,-0.258349436,3.511933908,96,200,0.539682001,3.990331888,,,,0.355834212,,1.115012279,
97,200,,97,200,0.071464977,1.017740941,97,200,0.039788674,2.310640735,97,200,0.167421589,0.964923759,97,200,-0.239725065,3.199329541,,,,0.151500163,,0.936315903,
98,200,,98,200,-0.038659987,3.046621423,98,200,-0.007944637,3.066134418,98,200,0.035510314,1.529813667,98,128,0.189293241,1.133029376,,,,0.08762407,,0.87383978,
99,185,,99,200,0.277993687,1.391048678,99,200,0.067207456,2.259534974,99,200,-0.172843844,1.983078997,99,200,0.448303756,2.81419844,,,,0.232563727,,0.512650136,
100,200,,100,200,-0.222573861,2.346821182,100,166,0.422973742,2.955944057,100,200,-0.109309817,3.121728548,100,200,0.15320423,1.493299107,,,,0.249472522,,0.63828918,
101,200,,101,200,0.066429457,2.34511112,101,200,0.230218962,1.046089556,101,200,0.401830076,3.379609088,101,149,0.359081576,1.954571558,,,,0.130587428,,0.837091286,
102,182,,102,200,-0.039246456,2.852525476,102,190,0.899561001,5.538630738,102,200,0.427493523,4.311926992,102,191,0.185947099,1.510406184,,,,0.348241562,,1.515053886,
103,200,,103,200,-0.223701334,1.501332726,103,200,-0.093905001,1.829671124,103,130,0.181948212,4.41087961,103,200,0.153562747,1.766923636,,,,0.169902149,,1.180595332,
104,200,,104,200,0.14516138,1.963166902,104,200,0.185473436,3.637695153,104,200,-0.180667037,3.460400554,104,178,-0.141905479,4.952864516,,,,0.164494464,,1.059852519,
105,200,,105,200,0.064094112,2.383463581,105,200,-0.003895173,1.761786226,105,200,-0.078411245,1.72609203,105,200,-0.057449989,2.230743633,,,,0.055092777,,0.286989965,
106,200,,106,129,0.042257127,1.168970832,106,135,-0.184846416,1.524512329,106,180,0.228300845,0.767079769,106,116,0.104167261,1.081647599,,,,0.149927037,,0.269761202,
107,200,,107,200,0.207366063,1.865993875,107,200,-0.122695986,2.149725748,107,131,0.004907297,1.121243593,107,200,0.085917627,1.246649817,,,,0.120167888,,0.426306244,
108,132,,108,131,0.060445501,0.98145184,108,150,0.060050785,0.993763911,108,200,0.159619057,1.766080409,108,200,0.012868817,1.009509571,,,,0.053487559,,0.334075305,
109,200,,109,200,0.109953162,1.84628026,109,200,0.172634546,1.614226009,109,198,0.305700564,1.169035719,109,200,0.041623191,1.480046449,,,,0.097314691,,0.244893187,
110,198,,110,159,0.389606805,1.857842014,110,200,0.435051208,2.079606017,110,190,0.381998033,2.160471841,110,162,0.002963911,0.724333932,,,,0.174068369,,0.577245531,
111,149,,111,200,0.24709531,1.534696008,111,200,0.066941075,2.464993638,111,63,-0.533810579,3.095169758,111,200,0.146969532,2.506547879,,,,0.304452725,,0.558477421,
112,200,,112,200,0.64515442,4.003908445,112,177,0.50625058,2.521705214,112,194,0.712892649,3.615275732,112,200,-0.157584443,1.93305542,,,,0.345450854,,0.829482681,
113,176,,113,200,0.31662617,0.957297875,113,200,0.586521023,3.967749099,113,200,0.12415124,2.957652065,113,200,0.587338764,2.723312982,,,,0.195496852,,1.084172348,
114,200,,114,200,-0.058251828,1.580463158,114,200,-0.093442625,2.644639866,114,200,0.208393197,1.144745289,114,200,0.296373636,2.269306018,,,,0.167499873,,0.583739169,
115,200,,115,200,0.381209703,1.602310055,115,200,-0.100751596,1.032444682,115,200,0.555599139,3.337399044,115,147,0.452011745,2.490394593,,,,0.251841374,,0.87606448,
116,200,,116,200,0.251892143,2.252219855,116,200,0.193780226,0.652176948,116,145,-0.255134453,5.469199729,116,200,0.225887418,1.198716247,,,,0.208426622,,1.866788846,
117,200,,117,200,0.135721522,1.19856502,117,153,0.251292677,1.085456801,117,200,0.362309061,1.518942002,117,200,0.075687508,2.157005455,,,,0.110004663,,0.416630371,
118,122,,118,200,0.105887908,2.496980069,118,200,0.05761878,1.495343741,118,200,-0.223632381,2.224560808,118,200,-0.097069637,2.22273669,,,,0.130181159,,0.371950801,
119,200,,119,153,0.267192941,0.995477508,119,200,0.034777209,2.561421759,119,200,-0.184167173,2.272499315,119,200,0.694899452,4.248504033,,,,0.32568505,,1.159187892,
120,200,,120,200,0.019471185,2.182738248,120,200,0.139547218,2.07742104,120,200,0.107742264,1.187527705,120,200,0.112908753,1.852621789,,,,0.045199884,,0.386919534,
121,200,,121,200,-0.152361726,2.129406995,121,200,-0.059486167,1.80206192,121,200,0.069310023,0.920508895,121,131,0.385064724,2.393217726,,,,0.203178863,,0.555295965,
122,200,,122,200,-0.075563382,1.728343702,122,159,0.500880978,2.693595397,122,200,0.223071481,2.529709944,122,200,0.380116432,2.21448003,,,,0.215861687,,0.36793402,
123,200,,123,130,0.30644098,1.162930588,123,200,0.493532383,2.037736579,123,200,0.241529701,1.695532475,123,200,0.249241445,2.089795604,,,,0.101775285,,0.369398688,
124,200,,124,200,0.5526078,2.671443251,124,200,-0.010632164,2.853712528,124,200,0.580242331,2.856874979,124,200,0.330755624,1.945339135,,,,0.236530022,,0.375073661,
125,200,,125,200,-0.095208049,1.532102109,125,200,-0.109539334,1.981653991,125,200,-0.121387037,2.055666625,125,200,0.251046287,1.153760332,,,,0.156055224,,0.364321282,
126,200,,126,200,0.309200881,3.255613633,126,150,-0.060743421,4.785157274,126,200,0.231867547,1.321516725,126,200,0.507226134,2.150012746,,,,0.204035257,,1.297347923,
127,200,,127,200,0.193562065,1.462457125,127,200,0.450798043,2.864798415,127,200,0.350647852,2.696561763,127,200,0.113485341,2.010679533,,,,0.131651659,,0.560043538,
128,200,,128,200,0.557869692,3.204122647,128,200,-0.006671183,3.675234996,128,200,0.075157852,1.934165744,128,200,0.353681488,1.377356072,,,,0.224657433,,0.928487352,
129,200,,129,200,0.175290541,2.570080904,129,200,0.444528164,2.765187663,129,200,0.922895377,5.63737964,129,200,-0.040270796,1.907089172,,,,0.35963722,,1.431494695,
130,200,,130,168,0.107092284,0.646139208,130,200,0.45656936,2.730611901,130,200,0.003529784,1.062909206,130,200,0.074873712,2.409658737,,,,0.174986399,,0.877735092,
131,200,,131,200,0.009224753,2.371833837,131,200,-0.107329551,2.025577913,131,179,0.633666213,2.56688031,131,200,0.470606339,2.750100475,,,,0.308834315,,0.268390201,
132,200,,132,200,-0.115032205,1.421444036,132,159,-0.11787808,1.217609484,132,200,-0.14710549,2.148465509,132,153,-0.18450502,1.455800918,,,,0.0280127,,0.351274597,
133,200,,133,200,0.061286752,0.9072484,133,150,-0.032757759,1.310096741,133,200,-0.121136174,1.759703036,133,200,-0.082308651,1.980203292,,,,0.068243931,,0.413824152,
134,200,,134,200,-0.247069351,2.969405902,134,200,-0.11998148,1.53232445,134,160,-0.115673734,4.197284355,134,200,-0.110319183,2.787178388,,,,0.057149656,,0.944429854,
135,200,,135,200,0.374376988,3.876896838,135,182,0.060362246,1.015118457,135,185,-0.129525879,1.453773807,135,200,0.077525894,2.19981171,,,,0.180254413,,1.090481672,
136,154,,136,200,0.273085177,2.922500612,136,200,-0.052470894,1.502857977,136,200,0.065697152,2.420895849,136,200,-0.009655785,1.931144449,,,,0.125103429,,0.531263756,
137,200,,137,77,-0.760320771,3.463181024,137,200,-0.075436554,1.137254794,137,184,0.18172078,1.591939715,137,139,-0.266898812,1.601366617,,,,0.344965681,,0.894429175,
138,200,,138,200,-0.034744748,1.946941871,138,200,-0.110891298,2.84149835,138,200,0.034368562,1.016107871,138,200,-0.183666665,3.078316137,,,,0.0816581,,0.813462006,
139,140,,139,200,-0.080616336,2.133371495,139,200,0.004458184,1.072441108,139,200,-0.049884197,3.249923021,139,200,-0.082917551,1.516856073,,,,0.035236921,,0.81757282,
140,200,,140,140,-0.065533737,0.923627661,140,176,0.277745835,1.442638593,140,200,0.244996502,1.58258209,140,200,0.038776181,1.580235706,,,,0.142709558,,0.270791671,
141,200,,141,200,0.159123468,1.991898242,141,200,0.119821579,1.943053965,141,200,0.004921404,1.525917674,141,200,0.51802098,2.769915406,,,,0.191892927,,0.449309696,
142,200,,142,200,0.055869942,1.697905232,142,200,0.170792315,1.505673336,142,200,0.042783816,2.101166385,142,200,-0.014160021,3.212557466,,,,0.06713733,,0.661296056,
143,200,,143,200,0.156144634,1.935733796,143,108,-0.284025308,1.304904357,143,200,0.135123254,2.218920163,143,200,0.079884571,1.759749383,,,,0.178741137,,0.331875119,
144,200,,144,200,-0.148699648,3.04774042,144,200,0.019922234,1.724783492,144,200,0.006944347,2.176218063,144,200,0.099391223,1.268507771,,,,0.089874094,,0.657236342,
145,200,,145,200,0.328079605,2.301849128,145,200,0.164734534,1.53219964,145,200,0.494360797,2.420465167,145,200,0.148768334,2.118315387,,,,0.140273421,,0.341316984,
146,200,,146,186,0.351922705,2.087518367,146,200,0.21516099,1.611299044,146,200,0.203918162,1.531189885,146,140,0.171839485,4.337986463,,,,0.068952553,,1.143466267,
147,200,,147,200,0.216618668,1.071856765,147,166,0.355943207,1.64799139,147,200,-0.011726828,2.6395535,147,200,0.076667137,2.415827701,,,,0.139671332,,0.623432198,
148,148,,148,188,0.278632111,1.269522626,148,200,0.339501212,1.622578051,148,200,0.085192199,2.711505827,148,200,0.120759905,1.260087377,,,,0.106016973,,0.593076271,
149,170,,149,200,0.154217923,1.502411768,149,200,0.153972285,1.954932304,149,200,0.220877179,2.369486198,149,200,0.088199255,2.417006049,,,,0.046909333,,0.369179903,
150,154,,150,200,-0.16351069,1.59167869,150,200,0.335733107,2.500574177,150,191,0.156985725,1.730144195,150,184,0.188355891,1.156713929,,,,0.182076078,,0.484948647,
151,200,,151,200,0.331841087,3.164380772,151,200,0.279064503,1.704592175,151,179,0.054219606,0.994213076,151,200,0.117638259,1.063568724,,,,0.113571974,,0.872295161,
152,154,,152,131,-0.228337358,1.313471451,152,185,0.28748994,1.750437906,152,200,0.360316518,1.99435073,152,200,-0.057637633,1.969462012,,,,0.242491238,,0.273054981,
153,200,,153,152,-0.075673062,1.534141331,153,119,-0.523037033,3.484093208,153,174,-0.032754611,1.667209291,153,158,-0.055931843,1.771939713,,,,0.203326635,,0.795301542,
154,160,,154,174,-0.06008229,1.431899906,154,150,-0.149391254,1.890616031,154,141,-0.207254007,2.333341821,154,150,-0.138122602,1.612623392,,,,0.052428599,,0.339889695,
155,135,,155,200,-0.11043512,1.612275788,155,166,-0.147691484,1.448595556,155,200,-0.035295551,1.951221147,155,113,-0.393443616,2.771992279,,,,0.134262987,,0.510165055,
156,177,,156,153,-0.244687624,2.181512472,156,151,-0.20973185,2.158689662,156,143,-0.33348575,2.565214683,156,200,0.001346998,1.231521724,,,,0.122887735,,0.490781938,
157,133,,157,169,-0.199395317,1.598935707,157,171,-0.103618007,1.43696191,157,138,-0.312928125,2.432008719,157,190,-0.065493506,1.510018631,,,,0.095682019,,0.401066824,
158,89,,158,155,-0.260089861,2.08844166,158,200,-0.060382229,1.66429573,158,144,-0.157511878,1.688274434,158,157,-0.1436909,1.636373075,,,,0.070939949,,0.185143186,
159,120,,159,122,-0.206310551,2.024989038,159,120,-0.262897946,2.601850952,159,118,-0.094976957,1.717333212,159,128,-0.164724774,3.04269776,,,,0.061250953,,0.512131669,
160,139,,160,100,-0.096063348,2.230491715,160,156,0.146073121,0.90062491,160,105,-0.225203707,3.769829393,160,150,0.19009164,1.274589995,,,,0.171290382,,1.108215294,
161,92,,161,83,-0.482377533,6.161921945,161,94,-0.30108994,3.029139969,161,163,0.140045772,0.923476599,161,151,0.092908348,1.51276931,,,,0.262593687,,2.030251168,
162,188,,162,114,0.132968799,1.619071306,162,176,0.12818322,1.501936056,162,126,0.097855162,1.317453501,162,119,-0.249684157,2.106169159,,,,0.160500444,,0.291886336,
163,137,,163,94,-0.164660283,2.781732804,163,125,0.24932011,0.8624403,163,182,0.289272877,1.020407754,163,118,0.459928567,1.406057905,,,,0.229486086,,0.756126268,
164,92,,164,121,0.340342619,1.291046308,164,143,0.455994127,1.902630075,164,167,0.273899505,0.861603278,164,150,0.424216917,1.435028612,,,,0.071409218,,0.371684633,
165,159,,165,138,0.380060831,1.318652396,165,117,0.43265634,1.473551113,165,191,0.468053921,1.367701754,165,110,0.296648917,1.268387569,,,,0.064516133,,0.075863973,
166,162,,166,129,0.190992014,0.875977945,166,150,0.352279408,1.251986334,166,157,0.2811691,1.033010767,166,111,-0.191351629,2.550359716,,,,0.209791476,,0.661705538,
167,163,,167,138,0.14576311,0.863141577,167,84,-0.425771363,4.63490182,167,151,0.155942242,0.819168126,167,176,0.220412928,0.806239028,,,,0.261298344,,1.647915283,
168,157,,168,168,0.299501503,0.927967059,168,104,-0.197280577,2.458925101,168,105,0.106089084,1.035257123,168,119,0.136777304,0.921454118,,,,0.179452213,,0.649951189,
169,170,,169,114,0.060639005,0.909464299,169,150,0.194762016,0.753212183,169,151,0.159755487,0.717956107,169,129,0.349777059,1.617230288,,,,0.10391619,,0.363875591,
170,172,,170,165,0.296048197,0.961293715,170,141,0.209746143,1.080878322,170,176,0.307442395,1.083976124,170,119,0.123119103,0.861571413,,,,0.074374988,,0.092488162,
171,162,,171,123,-0.159296561,1.885178588,171,100,-0.047129018,1.209978843,171,104,-0.009345625,1.33769692,171,140,0.305455557,1.658667078,,,,0.172464602,,0.265470481,
172,159,,172,127,0.284794017,1.489500996,172,138,0.404666505,1.62260749,172,160,0.427376613,1.30857099,172,200,0.272709757,1.179072562,,,,0.06923484,,0.169361082,
173,166,,173,173,0.330770394,1.138879413,173,170,0.253492536,0.904357276,173,164,0.243021767,1.051846861,173,200,0.03155689,1.300992845,,,,0.111041341,,0.143614662,
174,200,,174,165,0.152497052,0.952763636,174,158,0.277508635,1.097246952,174,195,0.202469473,0.822351733,174,200,0.126228161,0.995270612,,,,0.057632775,,0.098601797,
175,200,,175,200,0.439070284,2.087163234,175,200,-0.022367153,2.623881221,175,200,0.133189586,1.048181907,175,200,-0.184224039,1.839576281,,,,0.229963351,,0.567511857,
176,200,,176,172,0.463419047,2.478424685,176,200,0.265638192,2.308647731,176,200,0.136398059,0.883856592,176,165,0.283642287,1.005058153,,,,0.116481677,,0.728283339,
177,200,,177,200,-0.249832215,2.094214194,177,200,0.0312614,2.203602759,177,200,0.038856618,1.612435046,177,200,-0.203411874,2.962552505,,,,0.131893178,,0.483889809,
178,200,,178,200,0.063309922,4.130287931,178,200,0.040081453,1.436553621,178,200,0.176036381,0.834436468,178,200,0.066824662,1.153483302,,,,0.052669554,,1.311599023,
179,200,,179,200,0.185230849,1.216163802,179,200,-0.110347799,1.394584888,179,193,0.466030862,2.153161366,179,200,-0.099678304,2.481508197,,,,0.237136784,,0.522945214,
180,200,,180,197,0.313795067,1.586654251,180,175,0.37486836,1.911930767,180,200,-0.027418622,2.322694126,180,200,-0.100726244,1.886344733,,,,0.206969759,,0.261863021,
181,200,,181,200,-0.009473754,1.191290711,181,200,0.310989455,1.933470417,181,186,0.390052529,1.568792883,181,166,0.412041206,1.831658728,,,,0.168993104,,0.286777743,
182,200,,182,200,-0.16112863,3.138756188,182,200,0.172988149,1.399013878,182,200,-0.133538429,1.958181562,182,150,-0.187166355,1.275640069,,,,0.145692092,,0.736775657,
183,200,,183,200,-0.147782258,2.500028902,183,200,0.154610131,1.823447501,183,200,-0.139559108,1.589106861,183,200,0.01569464,1.247542757,,,,0.124541724,,0.458224205,
184,200,,184,200,-0.09323648,2.059966907,184,200,-0.107754725,1.459529193,184,200,-0.109418073,1.515311636,184,200,-0.200922438,2.256963857,,,,0.042665067,,0.343242293,
185,200,,185,200,-0.012249115,2.026649489,185,200,0.128447465,0.884861303,185,200,0.883871595,5.625500664,185,139,0.113869076,0.934746302,,,,0.353775677,,1.935313107,
186,200,,186,200,0.07089115,2.267062318,186,200,-0.082542249,2.384607425,186,200,0.103418701,1.220310038,186,200,0.250602484,1.754878506,,,,0.11835486,,0.461637697,
187,200,,187,200,0.261375576,1.181013525,187,200,0.153240254,0.96211741,187,200,0.037555365,1.734936148,187,200,0.15782941,1.185481366,,,,0.079207182,,0.285460873,
188,200,,188,184,0.161700831,1.031100182,188,200,0.210597897,0.919668213,188,200,-0.007189194,2.456088915,188,200,0.087277665,1.781009036,,,,0.082164718,,0.620665102,
189,172,,189,174,0.137371818,1.011374837,189,200,0.001941011,1.75954434,189,200,-0.025165718,1.398276295,189,174,0.319693757,1.539775611,,,,0.136617825,,0.272430343,
190,172,,190,200,0.073890853,1.282619724,190,159,0.206022955,0.835197461,190,182,0.325713732,1.346943865,190,166,0.342965645,1.229631342,,,,0.108008017,,0.199743076,
191,200,,191,199,0.265683441,1.614269809,191,200,0.27616912,1.215314061,191,169,0.124423617,0.954263439,191,131,0.002252143,1.105558901,,,,0.11248428,,0.244520554,
192,200,,192,200,0.250685177,1.774378583,192,129,0.134902943,1.599813846,192,191,0.289689454,1.57511441,192,149,0.17538827,1.183609359,,,,0.060858016,,0.215971609,
193,200,,193,200,-0.074645847,1.546710077,193,200,0.126745255,1.421500633,193,200,0.225488347,2.246330542,193,152,0.022902898,1.4567873,,,,0.112285619,,0.337101651,
194,196,,194,200,0.085859563,1.637076879,194,200,0.089880207,1.636085262,194,128,-0.164944983,1.596770287,194,200,-0.046335556,1.460030178,,,,0.105461321,,0.072547423,
195,167,,195,153,-0.119736247,1.4518399,195,146,-0.039298955,1.520152564,195,163,-0.00155582,1.512740751,195,131,-0.077119651,1.503979804,,,,0.043887489,,0.026794765,
196,200,,196,200,0.172861997,1.050894149,196,167,0.107364998,0.877162098,196,182,0.40968186,1.347959323,196,144,0.310102267,1.250682817,,,,0.117691965,,0.181826931,
197,200,,197,169,0.163054882,0.903014798,197,163,0.207361055,1.117463235,197,200,0.196119505,0.836653019,197,200,0.206603246,1.680198563,,,,0.018009757,,0.331803889,
198,200,,198,200,-0.102457676,1.81698792,198,200,0.050316297,1.245452562,198,200,0.417268507,2.120884179,198,200,-0.028747073,1.536698061,,,,0.199800413,,0.325004412,
199,117,,199,200,0.049305139,1.239477804,199,200,0.187612687,1.282118482,199,200,-0.002861214,1.502485618,199,200,0.216638931,1.625525102,,,,0.091908258,,0.158440121,
200,200,,200,135,0.083975076,1.181133079,200,200,-0.025346884,0.964880247,200,200,-0.028762611,1.814236885,200,200,-0.064850258,1.50291258,,,,0.055725084,,0.321999231,
201,200,,201,200,0.19713934,1.186047275,201,200,-0.057548852,1.114741978,201,200,0.185401244,1.224889346,201,164,0.186745115,1.335884989,,,,0.107185002,,0.080000468,
202,200,,202,200,0.301531275,1.680070528,202,200,-0.034836786,2.241607258,202,200,-0.088261496,1.374730402,202,200,0.317222954,1.654007986,,,,0.186505028,,0.314640639,
203,200,,203,200,-0.158033841,1.892835195,203,200,-0.06781256,1.687612102,203,200,0.04798756,1.683123395,203,200,-0.09727089,2.411215107,,,,0.074855825,,0.296706114,
204,200,,204,200,0.019455733,1.275661535,204,200,0.073310891,1.65091387,204,200,0.515352439,3.52811458,204,200,0.06919778,2.245731748,,,,0.200897956,,0.854312289,
205,200,,205,200,0.11597628,2.277054527,205,200,0.070866837,1.953136351,205,200,-0.003643995,2.446852449,205,200,0.037742244,1.396608532,,,,0.043893593,,0.400424037,
206,200,,206,200,0.081067532,2.259505576,206,200,0.335418385,2.384162748,206,200,0.052989385,1.899422298,206,200,0.026796658,1.97045843,,,,0.123523185,,0.199987238,
207,200,,207,200,-0.061382087,1.972260055,207,200,0.026665749,1.703845072,207,200,0.080839629,1.940643478,207,200,0.027684649,2.089309548,,,,0.051035295,,0.139978736,
208,200,,208,200,0.155089516,1.707742359,208,200,0.102056017,1.717710312,208,200,0.109238238,2.070082573,208,200,-0.102789837,2.192024497,,,,0.099494336,,0.213589701,
209,200,,209,200,0.075948409,1.731236219,209,200,0.069323987,1.931971507,209,200,0.216432804,2.434571965,209,200,0.063485463,2.229572976,,,,0.063739242,,0.27001317,
210,200,,210,200,0.020426494,1.820263845,210,200,0.085813813,1.883063169,210,200,0.028698066,1.837350684,210,200,0.00847605,1.908654268,,,,0.029726883,,0.035246736,
211,200,,211,200,0.142596589,2.046346059,211,200,0.060462012,1.557235587,211,200,0.200153049,1.910602575,211,200,0.086497869,1.694592665,,,,0.053802215,,0.18904055,
212,200,,212,200,0.047922883,1.84882236,212,200,0.280238276,2.944052111,212,200,0.107310442,2.113309825,212,200,0.03812301,1.453709343,,,,0.097115942,,0.546118304,
213,200,,213,200,0.220125651,2.036167389,213,200,0.027204035,2.013988244,213,200,0.002064784,1.343684051,213,200,0.067575598,1.984095658,,,,0.084629458,,0.289726688,
214,200,,214,200,0.035040697,1.88392153,214,200,0.146279199,1.813061704,214,200,0.090484323,2.12191688,214,200,0.072304904,2.177659708,,,,0.040118868,,0.153983665,
215,200,,215,200,0.084389951,1.997473064,215,200,0.127582118,1.369012595,215,200,0.157849301,1.539421331,215,200,0.034742972,1.694289752,,,,0.046379575,,0.231236171,
216,200,,216,200,0.058986815,2.168658,216,200,0.033640951,2.093909035,216,200,0.038591585,2.113224085,216,200,0.058417448,1.974488485,,,,0.011429542,,0.070818444,
217,200,,217,200,0.118531345,2.030506952,217,200,0.109181469,1.803869091,217,200,0.080697849,1.896718263,217,200,0.062118644,1.783854271,,,,0.022461911,,0.097423534,
218,200,,218,200,0.03128763,1.768869733,218,200,0.135039089,2.000006395,218,200,0.210245066,1.871940136,218,200,0.066890794,1.899713776,,,,0.068423448,,0.082309925,
219,200,,219,200,0.106004738,2.204875468,219,200,0.072081041,1.536643245,219,200,0.156375468,2.123513108,219,200,-0.028403927,1.664348133,,,,0.067592493,,0.286888609,
220,200,,220,200,0.105975737,1.614468033,220,200,-0.009598325,1.576170147,220,200,0.05790374,1.880595804,220,200,0.066208717,1.253269387,,,,0.041549598,,0.222659142,
221,200,,221,200,0.222426404,2.490811685,221,200,0.110669894,1.922320866,221,200,0.034274165,1.890661142,221,200,0.080830331,1.947430143,,,,0.069297553,,0.247926592,
222,200,,222,200,0.080258623,1.500833894,222,200,0.066625425,1.579083447,222,200,0.064415702,2.032593833,222,200,0.128911083,1.393845021,,,,0.02603839,,0.243454723,
223,200,,223,200,0.026744065,1.925847946,223,200,-0.01758998,1.61994451,223,200,0.048606516,2.055758163,223,200,0.044076185,1.967019485,,,,0.026159478,,0.164015587,
224,200,,224,200,0.026442829,1.838726857,224,200,0.056563543,1.731690991,224,200,0.054998899,1.712442103,224,200,-0.009686312,1.234926731,,,,0.026930105,,0.23280159,
225,200,,225,200,0.234426114,2.258933158,225,178,0.313278575,1.482881638,225,200,0.154728703,1.095581075,225,200,0.207404395,1.297658316,,,,0.057239461,,0.44051376,
226,197,,226,200,0.212909613,2.041793828,226,200,0.132633362,1.282843653,226,200,0.073228586,1.576719907,226,200,0.218757403,1.707779168,,,,0.060267205,,0.272485652,
227,200,,227,200,0.119538907,0.868275103,227,200,0.161411206,1.553242413,227,200,0.136692324,1.358794123,227,200,0.09392841,1.155747187,,,,0.024618502,,0.253656999,
228,200,,228,200,0.04536303,1.29096366,228,160,-0.086661456,1.24114201,228,165,-0.042420932,1.096404348,228,151,-0.035220435,1.201533731,,,,0.047621839,,0.07154685,
229,200,,229,170,0.176345164,1.044030333,229,162,0.116578983,0.897519425,229,200,-0.043499006,1.173979498,229,200,0.199766699,1.228933699,,,,0.094926085,,0.127922595,
230,193,,230,162,0.06567934,0.85146351,230,150,0.066210655,1.007647231,230,143,0.005439504,0.90081042,230,120,0.056139624,1.168654959,,,,0.025106258,,0.121582579,
231,178,,231,134,0.11593979,1.048214795,231,125,0.100777314,0.958281098,231,147,0.190702202,0.988674574,231,156,0.263073197,1.384212021,,,,0.064774396,,0.170168672,
232,184,,232,118,-0.182250802,1.550858253,232,124,-0.116935729,1.387450871,232,150,-0.084133504,1.141528127,232,143,-0.129080976,1.33968711,,,,0.035323382,,0.145960768,
233,137,,233,158,0.181721434,1.1259066,233,138,0.190523578,0.910770268,233,176,0.121568811,0.559996841,233,141,0.16379507,0.798162454,,,,0.026539358,,0.204083178,
234,144,,234,195,0.087977296,0.489620829,234,127,0.134953293,0.826037233,234,151,0.140987291,0.71023288,234,127,0.010318888,0.759422184,,,,0.052256583,,0.126220602,
235,107,,235,152,0.072188023,0.580165232,235,166,0.09858453,0.586655931,235,163,0.056306237,0.643771207,235,119,0.02669191,0.735983755,,,,0.02604313,,0.062465675,
236,163,,236,128,0.102209776,0.78274271,236,175,0.08190523,0.591235915,236,137,0.095534898,0.684272256,236,161,0.053675247,0.632644152,,,,0.018620149,,0.071561479,
237,162,,237,150,0.062693228,0.63465508,237,129,0.027580379,0.82256433,237,160,0.104064382,0.735912552,237,123,0.048693678,0.783627053,,,,0.027953042,,0.070292659,
238,179,,238,155,0.083207566,0.64777922,238,200,0.109877922,0.885930223,238,141,0.081663857,0.856734265,238,167,0.057548061,0.611319889,,,,0.018520463,,0.122014049,
239,138,,239,121,-0.090239162,0.846949046,239,125,0.021069578,0.849832852,239,164,0.05717176,0.715094761,239,139,0.067634229,0.863139398,,,,0.062562329,,0.060158451,
240,125,,240,147,0.027774799,0.78358645,240,152,-0.018889851,0.737785939,240,167,0.029770006,0.637449667,240,142,0.063373946,0.841229127,,,,0.029275852,,0.0746116,
241,112,,241,120,0.125576362,0.774334901,241,162,0.11956533,0.487611852,241,140,0.179114103,0.889944712,241,184,0.134819257,0.692361971,,,,0.023356778,,0.146869112,
242,148,,242,98,-0.211127996,3.443888575,242,105,-0.101287552,1.305826073,242,139,-0.109917537,1.651008096,242,109,-0.162805854,2.027052651,,,,0.044229276,,0.812937714,
243,153,,243,115,0.067788659,0.595784631,243,159,0.142315933,0.762061236,243,122,0.15150574,0.622191477,243,119,-0.017503625,0.80995301,,,,0.068020469,,0.090596941,
244,137,,244,121,0.21631813,1.110414327,244,162,0.126093332,0.846136212,244,136,0.176546642,0.676224077,244,142,0.164193847,0.516665375,,,,0.032199576,,0.219912207,
245,140,,245,128,0.076563361,0.770067694,245,145,0.045816545,0.674545566,245,139,0.15064295,0.941751937,245,167,0.003665593,0.515054879,,,,0.053685926,,0.154624221,
246,200,,246,137,0.092231092,0.761236839,246,130,0.06159069,0.797387558,246,171,0.143788373,0.867106623,246,159,0.009659305,0.737271094,,,,0.048643488,,0.0490036,
247,200,,247,200,-0.044014003,1.186945334,247,200,0.117549345,1.350413717,247,200,0.293766783,2.80590402,247,200,0.109187321,1.024088411,,,,0.119598627,,0.71037308,
248,200,,248,200,0.162414323,1.718513217,248,200,0.068015908,1.018030986,248,200,0.257107842,2.622608547,248,188,0.187580549,1.362890004,,,,0.067729595,,0.597652663,
249,200,,249,182,0.254364254,1.959014729,249,200,0.241896608,2.206089422,249,200,0.033325273,0.938197938,249,200,0.342356611,3.775776491,,,,0.113426989,,1.016337004,
250,200,,250,174,0.336764546,3.197190246,250,200,-0.060856045,1.353375557,250,200,0.237450003,1.820711024,250,200,0.15146984,1.976256399,,,,0.14657784,,0.680790187,
251,173,,251,200,0.128259748,1.509660852,251,200,0.150260845,1.764721344,251,200,0.189352912,1.453876592,251,200,0.117892993,1.36192607,,,,0.027393293,,0.149439933,
252,200,,252,200,-0.088755344,1.472753444,252,200,-0.057885154,1.306238021,252,200,-0.150842897,1.835012233,252,143,-0.089508754,1.36713581,,,,0.033737471,,0.20498978,
253,200,,253,200,0.243254936,2.11602536,253,190,0.210159424,1.292042222,253,200,0.097584103,1.080371314,253,200,0.012044932,0.988530977,,,,0.091860245,,0.444980996,
254,200,,254,200,0.274012631,2.898703946,254,200,0.118719711,1.117573392,254,200,0.138494734,1.235168161,254,200,0.018838924,1.39388064,,,,0.09092557,,0.721094412,
255,200,,255,200,0.061579074,1.046176897,255,200,0.198327766,1.507397508,255,152,0.176234796,1.099108995,255,174,0.123290028,1.191914698,,,,0.052782745,,0.178816872,
256,163,,256,200,0.024781495,1.203610206,256,200,-0.224801088,1.521954326,256,200,-0.042405934,1.382649865,256,200,-0.011571691,1.259159151,,,,0.09611604,,0.122525726,
257,134,,257,200,0.076143456,0.734580643,257,148,0.072665894,1.043880637,257,149,0.103169119,1.163216304,257,160,0.021327748,0.78229168,,,,0.029592338,,0.178438489,
258,119,,258,144,-0.062170138,1.015955437,258,159,-0.008413975,0.830528032,258,132,-0.0437708,0.976059468,258,149,-0.010096527,0.899696172,,,,0.022812845,,0.071276842,
259,151,,259,161,0.22413297,1.25543397,259,156,0.25325632,1.125111819,259,200,0.140082973,1.037300205,259,152,0.251507228,1.034251593,,,,0.046022109,,0.089952627,
260,146,,260,159,0.099189812,0.851352399,260,122,0.052285177,0.811051203,260,144,0.083143433,0.912687768,260,120,0.083062106,0.705451683,,,,0.016987297,,0.075457471,
261,167,,261,167,0.176167106,1.244958013,261,174,0.097752243,0.870672006,261,176,0.159552096,1.218887382,261,186,0.193149081,0.969720446,,,,0.036022452,,0.160014475,
262,197,,262,200,-0.068212444,0.971252341,262,166,-0.160410994,1.149646895,262,184,-0.036865577,0.991759023,262,160,-0.107468864,1.141613969,,,,0.046148828,,0.08243097,
263,173,,263,154,0.157364498,0.992285667,263,145,0.078837099,0.703184906,263,125,0.017025205,0.602899391,263,155,0.198076628,0.976127732,,,,0.069972111,,0.169432207,
264,150,,264,150,0.101851894,0.807002585,264,137,0.126689767,1.01945706,264,185,0.092857345,0.629990866,264,165,0.033201983,0.579335817,,,,0.034327461,,0.17252876,
265,145,,265,128,0.053491134,1.051781157,265,140,-0.02105851,0.731937034,265,114,0.001576704,0.89146583,265,162,0.142496088,0.658722956,,,,0.062896429,,0.151549291,
266,124,,266,135,0.041864977,0.575278645,266,152,0.112453679,0.739771886,266,151,-0.052252906,0.586269655,266,132,0.059534406,0.632813029,,,,0.059465463,,0.065028096,
267,145,,267,124,0.067054265,0.947069767,267,150,0.093621913,0.567126553,267,145,0.002766328,0.544475984,267,150,0.076088221,0.670912059,,,,0.034331708,,0.160072687,
268,139,,268,125,0.026264873,0.670866996,268,199,0.202969532,0.878543318,268,141,0.034210026,0.925814896,268,176,0.103768554,0.807475407,,,,0.070910805,,0.09620266,
269,173,,269,160,0.058065129,1.009215005,269,200,0.061871986,0.672918688,269,193,0.137421384,1.318323396,269,176,-0.044842037,0.597089447,,,,0.064815768,,0.287333257,
270,179,,270,143,-0.036757947,0.881900237,270,158,0.048726427,0.856833193,270,185,0.041073038,0.896327596,270,172,0.056546522,0.89637936,,,,0.037441722,,0.016143614,
271,194,,271,181,0.018296002,0.986498529,271,198,0.05870738,0.826429469,271,182,0.002981486,0.783131092,271,200,0.031463604,0.656510063,,,,0.020463121,,0.117965314,
272,200,,272,185,-0.024146142,0.682391802,272,156,-0.021739741,0.790473109,272,159,0.006315192,0.820471569,272,147,0.034163294,0.922015761,,,,0.023745288,,0.085396806,
273,200,,273,200,0.235525056,1.69095198,273,136,0.170031215,1.425873114,273,200,0.058090187,1.526061081,273,200,0.076144708,0.660793321,,,,0.071957499,,0.395502504,
274,200,,274,158,0.25723998,2.48172649,274,200,-0.002287917,1.517576811,274,200,0.290786385,1.913589785,274,200,0.142622215,2.096890987,,,,0.114690191,,0.346995389,
275,200,,275,200,0.182059211,1.313217592,275,200,0.102561126,2.048535864,275,200,0.344157746,2.002165804,275,200,0.144054115,0.973065133,,,,0.091573852,,0.457498768,
276,200,,276,200,0.132957746,1.440013512,276,153,0.20150775,1.800546536,276,200,0.308336553,3.832582148,276,200,0.140967886,0.965686722,,,,0.070094013,,1.093292152,
277,200,,277,200,0.151189419,0.942875101,277,200,0.278284195,2.447743723,277,200,0.442778459,3.761092277,277,200,0.04096062,1.401060882,,,,0.149617441,,1.084178531,
278,162,,278,200,0.028192603,1.315710555,278,200,0.151741221,1.039580268,278,200,0.114106485,1.455125954,278,200,0.011591374,0.804774411,,,,0.058357068,,0.250936928,
279,200,,279,200,-0.002453476,0.866895123,279,200,0.019086784,0.953410903,279,200,0.009885394,0.77563522,279,200,0.018108842,0.63191978,,,,0.008632375,,0.119017232,
280,180,,280,200,0.308712162,2.747378659,280,200,0.278767263,2.192154406,280,200,0.000416412,0.603668765,280,200,0.227313099,1.912077797,,,,0.120979752,,0.787208571,
281,200,,281,200,0.123379784,0.798529399,281,200,0.099382794,0.920097275,281,200,0.358576826,4.663008661,281,200,0.148687424,0.885290821,,,,0.103138267,,1.64389506,
282,200,,282,200,0.145736835,1.44677636,282,200,0.149202403,0.719987349,282,200,0.264035379,2.581841798,282,200,0.031513413,0.911545687,,,,0.082218201,,0.724402917,
283,153,,283,200,0.162740292,0.84164144,283,200,0.041256248,1.136806217,283,200,0.303380442,4.379186269,283,200,-0.027603214,0.938472479,,,,0.125938868,,1.479053709,
284,200,,284,200,0.175306792,1.459303736,284,200,0.161452656,0.822005285,284,190,0.261489447,1.682692126,284,181,0.235050374,1.587299243,,,,0.041315623,,0.336153892,
285,191,,285,178,-0.114196856,1.308776554,285,155,-0.061645337,1.566963013,285,200,-0.139373203,2.287836706,285,198,-0.076726139,1.130930428,,,,0.030611754,,0.440529774,
286,200,,286,200,0.087042591,0.629303496,286,169,0.012260092,0.626794761,286,186,0.285015454,2.75218747,286,200,0.23736447,2.464222878,,,,0.110317844,,0.995299316,
287,163,,287,147,0.01801533,0.688589818,287,179,0.053788134,0.590492363,287,184,0.071865676,0.69825336,287,168,0.195747954,1.36733341,,,,0.06689294,,0.309553299,
288,147,,288,189,0.074017392,0.558488631,288,194,0.215631693,1.29549978,288,141,0.067972229,0.744221374,288,167,0.14459684,1.059965779,,,,0.060100547,,0.283751662,
289,140,,289,177,0.066477885,0.718400707,289,152,0.002613952,0.788291346,289,200,0.054926553,0.815837045,289,163,0.031944068,0.69116271,,,,0.024405018,,0.05053271,
290,163,,290,172,0.015554339,0.621591352,290,143,0.044313048,0.772994838,290,200,0.020748457,0.789943381,290,193,0.109140416,0.720975903,,,,0.037235242,,0.065618426,
291,178,,291,136,0.036520876,0.693828252,291,157,0.109723789,0.739125168,291,187,0.206569711,1.14260695,291,188,0.110645552,1.097994536,,,,0.060389965,,0.203159352,
292,140,,292,194,-0.038816789,0.735123844,292,175,-0.054331279,0.817633449,292,173,0.074670808,0.929280437,292,197,-0.035133707,0.776772442,,,,0.051357093,,0.072298247,
293,141,,293,138,0.056104205,0.731895658,293,113,-0.004485458,0.98278761,293,146,0.022213558,0.718169522,293,138,0.02373951,0.741682295,,,,0.021475235,,0.109526912,
294,148,,294,152,0.167424066,0.674062931,294,147,0.125435693,0.619897034,294,138,0.246598152,1.417238399,294,178,0.085088659,0.523959246,,,,0.059793509,,0.355376543,
295,188,,295,150,0.154440561,0.592751335,295,114,0.210402829,0.884716838,295,129,0.123175167,0.849767463,295,181,0.132935596,0.673462025,,,,0.033797991,,0.121127263,
296,194,,296,145,-0.019551039,0.661103338,296,162,0.058000741,0.849947508,296,164,-0.05408356,0.599200476,296,178,0.033845213,0.754809013,,,,0.043971427,,0.095004691,
297,153,,297,200,0.113261067,0.857373647,297,182,0.07705517,0.93568047,297,200,-0.011390073,0.782600901,297,200,0.061961086,0.543765661,,,,0.045353643,,0.146659839,
298,168,,298,145,0.119352766,0.797361697,298,200,0.009297788,0.660828969,298,140,0.0134198,0.683293766,298,200,0.135043019,1.017732991,,,,0.058202844,,0.141410513,
299,200,,299,167,0.157384417,1.024653469,299,159,-0.001321237,0.621529799,299,188,0.129314158,0.831508639,299,150,0.019041233,0.705241858,,,,0.068353226,,0.151838631,
300,175,,300,200,0.046814187,0.884876632,300,194,0.083576771,1.130236017,300,200,0.036603912,0.888804879,300,200,0.02256109,0.715926395,,,,0.022597723,,0.147603622,
301,183,,301,200,0.03819522,0.716601491,301,139,-0.003518093,0.768707261,301,200,0.060626678,0.554324284,301,200,0.039208419,0.786805694,,,,0.023241995,,0.091621761,
302,161,,302,133,0.035691151,0.688202588,302,170,-0.009252091,0.662761744,302,170,-0.050454675,0.564319331,302,186,0.077634072,0.771508603,,,,0.047993354,,0.073899582,
303,134,,303,175,0.042883464,0.644372042,303,176,0.058803895,0.533267977,303,145,-0.0156178,0.698541817,303,135,0.016269501,0.675643805,,,,0.028227562,,0.06342665,
304,121,,304,152,0.045653033,0.664235369,304,134,0.032041916,0.71290651,304,200,0.01513891,0.594138976,304,163,0.134893127,0.76366533,,,,0.046290742,,0.062545019,
305,133,,305,144,0.049466589,0.796429242,305,160,0.061662204,0.639379227,305,146,0.074586912,0.720081413,305,164,0.06184401,0.446164293,,,,0.008882662,,0.130397152,
306,135,,306,170,-0.083231307,1.069017095,306,116,-0.174247052,1.537301427,306,130,-0.139984718,1.314812407,306,157,-0.063594401,1.043271747,,,,0.04411903,,0.201194774,
307,161,,307,142,0.134567985,0.764480776,307,164,0.18922549,0.880526197,307,130,0.211858297,0.64421773,307,117,0.161768019,0.786306488,,,,0.029021834,,0.084155497,
308,146,,308,144,-0.022619409,0.637419136,308,173,-0.046374061,0.581720531,308,137,-0.059204469,0.898372803,308,148,0.042410892,0.72579296,,,,0.03913499,,0.119848449,
309,164,,309,131,0.176526777,0.772747014,309,144,0.14790888,0.837362261,309,158,0.143597559,0.915119816,309,200,0.029810549,0.809315284,,,,0.0560927,,0.052327008,
310,178,,310,124,-0.071259107,0.656508267,310,174,0.042764056,0.518412949,310,155,-0.028068651,0.542673926,310,162,0.089269571,0.715117872,,,,0.062040535,,0.080809187,
311,147,,311,150,0.172799539,0.609275631,311,148,0.216091259,1.318738657,311,179,0.146483489,1.323731729,311,200,0.036770799,0.708300089,,,,0.06619501,,0.333073511,
312,200,,312,156,0.135799967,0.887123954,312,200,0.096959159,0.642723063,312,200,0.06386669,0.422656897,312,138,0.081831512,0.552127944,,,,0.026507417,,0.169757753,
313,200,,313,193,0.092978402,0.543386592,313,146,0.053177135,0.846449152,313,138,0.060605365,0.564935999,313,193,0.076463925,0.379944529,,,,0.015317126,,0.167727954,
314,168,,314,182,-0.006300182,0.60959093,314,139,-0.004348425,0.586300742,314,200,-0.036594996,0.804643161,314,200,0.051110912,0.84516363,,,,0.03164799,,0.114675525,
315,165,,315,157,0.115901837,0.861409865,315,163,0.065262081,0.601716414,315,146,0.133005021,0.878549179,315,200,-0.044274291,1.173839836,,,,0.069159495,,0.202562505,
316,131,,316,181,-0.035264123,0.633073969,316,127,-0.114715925,0.829473252,316,141,0.013898196,0.683411402,316,151,0.012823284,0.647668491,,,,0.052351527,,0.077855686,
317,135,,317,166,0.080912997,0.411335081,317,130,0.083321067,0.457278387,317,155,0.07555145,0.392218263,317,180,0.076659495,0.430498573,,,,0.003148497,,0.024055716,
318,125,,318,136,0.045700481,0.449568198,318,119,0.047765163,0.457523039,318,131,-0.015133368,0.387672129,318,147,0.048633521,0.375293303,,,,0.027084149,,0.03640508,
319,145,,319,160,0.106708812,1.007251556,319,174,0.074597607,0.374069298,319,152,0.070037063,0.451704523,319,175,0.111513629,0.365152398,,,,0.018545434,,0.266392757,
320,163,,320,181,0.021704671,0.364202516,320,181,0.054333991,0.484046602,320,135,0.035916238,0.613154158,320,138,-0.031357719,0.497270652,,,,0.031908391,,0.088147347,
321,153,,321,154,0.075871361,0.520495286,321,168,0.048717623,0.47274808,321,118,0.018930261,0.578984869,321,153,-0.020552248,0.412577112,,,,0.035813403,,0.061209426,
322,158,,322,137,0.013733178,0.426666808,322,187,0.060702986,0.299212029,322,168,0.076248598,0.43040603,322,170,0.056629382,0.313796996,,,,0.023180809,,0.06124773,
323,139,,323,129,0.076224335,0.554737516,323,131,0.027914789,0.353793351,323,153,0.086958429,0.501110697,323,142,0.001008666,0.349585796,,,,0.03509263,,0.090146243,
324,131,,324,155,0.03552455,0.380163928,324,122,0.027864821,0.468348689,324,140,0.017891967,0.442082375,324,137,-0.002965958,0.418183525,,,,0.014439846,,0.032436047,
325,197,,325,119,0.029390602,0.377875564,325,189,0.013717898,0.272391728,325,180,0.033299236,0.265115378,325,136,0.024703714,0.342814532,,,,0.00733518,,0.047513452,
326,173,,326,186,0.067741887,0.413727235,326,129,0.047635606,0.405984087,326,152,0.08360079,0.400119,326,140,0.025090786,0.442387641,,,,0.021937507,,0.016226551,
327,199,,327,119,0.040304581,0.421883613,327,148,0.051950949,0.371991061,327,141,0.04338355,0.404622406,327,112,-0.047577536,0.469906551,,,,0.040405463,,0.035362132,
328,130,,328,167,0.064662989,0.241997822,328,129,0.030053432,0.319541649,328,179,0.048141461,0.254599026,328,178,0.049516926,0.23036276,,,,0.012268053,,0.034519039,
329,126,,329,119,0.110564214,0.466342012,329,128,0.013044039,0.382755746,329,134,0.057546032,0.517542281,329,174,0.043632761,0.280578689,,,,0.035276238,,0.089748067,
330,151,,330,128,0.013772054,0.48414256,330,134,0.003417396,0.41329469,330,150,-0.005904167,0.36884168,330,137,-0.030893751,0.391545542,,,,0.016541675,,0.043194677,
331,129,,331,134,0.063120248,0.41990896,331,196,0.029139515,0.283555328,331,200,0.031484282,0.295544169,331,170,0.064475424,0.436946422,,,,0.016770325,,0.069828516,
332,136,,332,198,0.04288396,0.359442788,332,155,0.033820068,0.350359333,332,134,0.057797268,0.661956688,332,149,0.053644655,0.435263853,,,,0.00937256,,0.125757041,
333,144,,333,154,-0.037098315,0.405122297,333,174,0.003651853,0.416066455,333,189,0.013663754,0.313868928,333,135,0.020875467,0.585417643,,,,0.022426579,,0.09804853,
334,129,,334,177,0.028620537,0.31192986,334,145,-0.002896901,0.403008473,334,123,0.006123197,0.421681893,334,144,0.05729961,0.469038024,,,,0.023245935,,0.056995065,
335,180,,335,136,0.033133346,0.330826049,335,128,0.038588908,0.365976414,335,189,-0.020296262,0.232705331,335,152,0.041123007,0.294715227,,,,0.025241994,,0.049277137,
336,145,,336,128,0.032450175,0.369293386,336,123,0.008101859,0.373031663,336,183,0.029261793,0.233375137,336,141,0.022148437,0.350012457,,,,0.009370102,,0.057280883,
337,149,,337,142,0.074600805,0.447996489,337,154,0.058949251,0.463073366,337,132,0.04819953,0.450982348,337,137,0.058122813,0.396297509,,,,0.009447995,,0.025623051,
338,150,,338,118,-0.023049231,0.587490071,338,159,0.024545501,0.485035178,338,149,-0.092698525,0.442241414,338,154,-0.033915741,0.434644038,,,,0.041723538,,0.060922277,
339,137,,339,151,0.016951531,0.812238446,339,146,0.079189354,0.393402219,339,195,0.100056309,0.633514763,339,131,0.10829444,0.950936839,,,,0.035771742,,0.208545385,
340,192,,340,133,0.053103039,0.424309643,340,200,-0.121144125,1.757495298,340,153,0.072983738,0.458665857,340,167,0.077797304,0.571862021,,,,0.082406619,,0.553727912,
341,168,,341,139,-0.034898119,0.334445709,341,122,-0.000691315,0.481401547,341,147,0.030825139,0.356664414,341,122,-0.039545759,0.414716977,,,,0.028467383,,0.056959114,
342,137,,342,125,0.039602444,0.470962877,342,148,0.068768546,0.683961434,342,165,0.077966164,0.544214804,342,150,0.018686175,0.316950733,,,,0.023541033,,0.132365239,
343,141,,343,143,-0.043366097,0.53301936,343,133,-0.119766249,0.790132434,343,150,0.006158371,0.53606883,343,134,-0.005387509,0.592150449,,,,0.049247362,,0.105030724,
344,139,,344,152,-0.004838361,0.471026816,344,135,-0.024726305,0.493065308,344,120,-0.088327724,0.615661137,344,131,-0.024128755,0.595670373,,,,0.031528884,,0.062698667,
345,200,,345,144,0.094062717,0.674598781,345,149,0.106052515,0.45247616,345,151,0.130650596,0.759748403,345,110,0.118219886,0.433581782,,,,0.01363275,,0.140498222,
346,177,,346,154,-0.041209617,0.67424726,346,147,-0.075137976,0.645969401,346,135,-0.025280692,0.698076906,346,154,-0.08425654,0.677510349,,,,0.024115541,,0.01855927,
347,200,,347,197,0.146177506,0.736378784,347,159,0.028250209,0.435591506,347,185,0.080993048,0.345571342,347,192,0.100472784,0.322731041,,,,0.042295205,,0.165013388,
348,169,,348,184,0.026904067,0.537948078,348,169,0.022191841,0.467573534,348,145,-0.016795359,0.522496598,348,142,0.068081697,0.856493976,,,,0.030059771,,0.152580453,
349,200,,349,131,0.00411929,0.507690096,349,170,-0.035386015,0.402427172,349,158,-0.001195906,0.399651134,349,179,-0.022630452,0.415212386,,,,0.015999173,,0.044523974,
350,200,,350,160,0.126824468,0.647356597,350,162,0.078987097,1.01738324,350,130,0.107279571,0.713281121,350,195,0.054063608,0.56681133,,,,0.027633927,,0.170422241,
351,200,,351,200,0.003890006,0.458950797,351,153,0.015029975,0.653108578,351,130,-0.039598992,0.706507714,351,200,0.082564102,1.030903133,,,,0.043784993,,0.205688437,
352,152,,352,200,0.109686846,1.249818567,352,196,0.086886282,1.376769276,352,167,0.05752632,0.914491799,352,200,0.046701167,0.754135537,,,,0.024751031,,0.250168638,
353,200,,353,200,-0.019747406,0.656840009,353,141,-0.011095781,0.778423515,353,200,0.002713052,0.731740722,353,200,-0.07919755,1.85499156,,,,0.031276513,,0.492368656,
354,182,,354,194,0.017236631,0.370448605,354,184,0.018879638,0.470132659,354,200,0.031751448,0.857273226,354,153,0.108270453,0.934823684,,,,0.037510078,,0.242033571,
355,200,,355,180,0.021688441,0.435172837,355,190,0.038548316,0.383834003,355,163,0.002428161,0.46091417,355,168,0.025397872,0.43864461,,,,0.012928121,,0.028231004,
356,169,,356,172,0.105924014,0.649523538,356,158,0.020459192,0.429701452,356,200,0.289964284,2.758515438,356,153,0.015345885,0.495178375,,,,0.111089452,,0.970513636,
357,161,,357,173,0.099339164,0.833721756,357,193,0.028246033,0.364589728,357,200,0.058388645,0.502173664,357,131,0.013386092,0.510132766,,,,0.032857394,,0.172281437,
358,153,,358,200,0.025197161,0.751237403,358,189,0.063113224,1.124170445,358,200,0.076032793,0.943177765,358,180,0.096743951,0.91465208,,,,0.026062096,,0.132309893,
359,166,,359,135,-0.037483065,1.02036021,359,145,-0.012975693,0.736251625,359,200,-0.016482847,0.679057618,359,200,-0.014690124,0.827235613,,,,0.00993602,,0.129423775,
360,200,,360,200,0.137265804,1.516305953,360,145,0.0577907,0.496113595,360,174,0.065231242,0.869742324,360,146,0.08628104,0.41251426,,,,0.03103916,,0.43537612,
361,200,,361,200,-0.052378989,1.179418489,361,200,-0.010370403,0.769989614,361,164,-0.043375983,0.805219623,361,180,0.022958518,0.868966939,,,,0.02970897,,0.161852237,
362,200,,362,200,0.136006704,1.552642811,362,148,0.117713978,1.229020356,362,177,0.129123648,1.190062416,362,200,0.089848248,0.619776197,,,,0.017610082,,0.335816048,
363,200,,363,196,0.078553851,1.208099541,363,200,-0.062268445,1.64875372,363,200,-0.044578198,2.430967634,363,200,-0.067469887,0.857996261,,,,0.059780527,,0.587555832,
364,200,,364,200,0.015759214,1.191500207,364,200,-0.038171566,1.577290374,364,167,-0.068672899,0.951233002,364,194,-0.025107669,0.86961911,,,,0.030317424,,0.274951939,
365,200,,365,200,0.109017057,1.947831586,365,198,0.037443083,0.555127456,365,200,0.02234622,0.779559254,365,200,-0.055640385,1.760695941,,,,0.058481353,,0.602385829,
366,200,,366,200,-0.040420533,2.265281804,366,200,0.065844873,1.019929759,366,187,0.051880516,1.157878943,366,200,0.034472736,0.708086719,,,,0.041005386,,0.587403633,
367,186,,367,200,-0.074848712,1.631546684,367,200,0.044774914,1.279777875,367,200,0.01898964,1.382011078,367,200,-0.05680883,1.563968727,,,,0.050106406,,0.140290045,
368,154,,368,200,0.05743973,1.196228497,368,155,0.01720812,0.659625394,368,200,0.060402487,0.873796253,368,190,0.057944924,0.646609522,,,,0.017956363,,0.222435221,
369,191,,369,158,-0.070839981,0.833561333,369,142,-0.155045326,0.900896563,369,200,0.025834621,1.222543417,369,159,0.042616882,0.654781461,,,,0.079599987,,0.205272124,
370,147,,370,170,-0.032060567,0.495779844,370,164,0.059554864,0.561322243,370,167,0.134016561,0.798410696,370,143,-0.010084531,0.673754935,,,,0.065008298,,0.115094384,
371,171,,371,198,-0.011450421,0.472745913,371,146,0.024805581,0.693712153,371,138,-0.176070526,0.765965,371,126,-0.019394382,0.758690581,,,,0.077188748,,0.118865326,
372,200,,372,200,0.097164143,0.645677681,372,200,0.173793249,4.710752809,372,190,0.180514779,1.108727755,372,156,0.169581517,1.794643687,,,,0.033769511,,1.581299537,
373,200,,373,169,-0.018837805,0.625914028,373,171,-0.025721464,0.599289474,373,200,-0.033499933,0.74886189,373,174,0.089161568,0.985748221,,,,0.050143972,,0.152713599,
374,200,,374,200,-0.066969557,2.052801873,374,200,-0.022736083,1.056612227,374,200,0.111069191,1.650060491,374,200,0.156179386,2.090578048,,,,0.091991634,,0.416183805,
375,200,,375,187,0.040116279,0.697808892,375,200,0.046935164,1.031484282,375,200,-0.084866855,1.226846863,375,200,0.05783946,1.364206846,,,,0.05800709,,0.250380371,
376,200,,376,200,0.069177958,1.243724343,376,200,-0.025295987,1.157486117,376,200,0.011750468,1.397168101,376,200,0.010564067,0.943861788,,,,0.033836576,,0.163834709,
377,200,,377,200,0.074338795,1.236560488,377,200,0.24071452,3.763012981,377,200,0.137757374,0.933129855,377,200,0.013967615,1.676698041,,,,0.083921732,,1.106305665,
378,200,,378,200,0.149736597,2.150624078,378,200,0.056411879,2.004616604,378,200,0.146574564,2.026155486,378,200,0.059592594,1.43304302,,,,0.045104554,,0.277339579,
379,200,,379,200,-0.006702504,2.101065532,379,200,-0.029579207,1.463196222,379,200,-0.014821398,1.055075233,379,200,-0.064018904,1.475698904,,,,0.021935573,,0.37380641,
380,200,,380,200,-0.010860913,2.084041131,380,200,0.03103008,1.87925375,380,200,0.065372912,1.685241874,380,200,0.019298957,1.706864977,,,,0.027290025,,0.160286194,
381,200,,381,200,0.035288093,1.25742957,381,200,0.002980256,1.464634393,381,200,-0.050974389,1.978627134,381,200,0.06551491,1.52339633,,,,0.043149534,,0.263234053,
382,200,,382,200,0.081792495,1.296599237,382,200,0.036660093,1.687693798,382,200,-0.03847492,1.442650376,382,200,-0.034559345,1.974629217,,,,0.050480037,,0.257316712,
383,200,,383,200,0.079027529,2.137313742,383,200,0.082600379,1.962315577,383,200,-0.01760218,2.04157987,383,200,0.011736908,1.255390247,,,,0.043157459,,0.348362128,
384,200,,384,200,0.024298524,1.994650438,384,200,0.048531354,1.970885002,384,200,0.097576454,1.9022212,384,200,0.05636433,1.623371294,,,,0.026398766,,0.147942964,
385,200,,385,200,0.16085121,1.993658562,385,200,0.060018612,1.956311591,385,200,0.139583544,1.170138928,385,200,-0.044607723,1.950726382,,,,0.080636751,,0.345401757,
386,200,,386,200,0.005815973,1.867888361,386,200,0.003980967,1.861257756,386,200,0.08050853,1.666761078,386,200,-0.114406451,1.904943859,,,,0.069776283,,0.092984451,
387,200,,387,200,-0.005633131,2.182315347,387,200,0.056950906,2.07048254,387,200,0.053603463,1.988238277,387,200,0.058531139,1.971592984,,,,0.026903501,,0.083440371,
388,200,,388,200,0.021004548,2.156930028,388,200,0.077695735,1.873459615,388,200,0.009165495,1.813529913,388,200,0.097083016,1.966552573,,,,0.037033547,,0.129951071,
389,200,,389,200,0.046111437,1.882866319,389,200,0.038395763,1.874075086,389,200,-0.000834903,1.939180291,389,200,-0.01745507,1.907796088,,,,0.02650328,,0.02528686,
390,200,,390,200,-0.022576561,1.79364157,390,200,-0.012843188,1.866313078,390,200,0.087384915,2.023322386,390,200,0.057572456,2.095929508,,,,0.046437423,,0.120431476,
391,200,,391,200,0.071980915,1.885532783,391,200,0.027976475,1.968295445,391,200,-0.010247013,1.837235683,391,200,0.059112635,1.939994333,,,,0.031726046,,0.050426483,
392,200,,392,200,0.072224123,1.909867846,392,200,0.068569153,1.950653444,392,200,0.103317909,1.933827652,392,200,0.050443835,1.887590002,,,,0.019016825,,0.023890198,
393,200,,393,200,0.055079778,1.78495681,393,200,0.029195515,1.929961398,393,200,0.039772054,1.869025132,393,200,0.088415681,2.002145917,,,,0.022361655,,0.079808324,
394,200,,394,200,0.1010173,1.849941808,394,200,0.015583774,1.741399921,394,200,0.034832394,1.696667732,394,200,0.101791495,1.603429138,,,,0.038702172,,0.088661266,
395,200,,395,200,0.046740693,1.560227634,395,200,0.051662913,1.823662999,395,200,0.043424565,1.649013975,395,200,0.0382355,1.813371161,,,,0.004890395,,0.111519152,
396,200,,396,200,0.030851,1.503029053,396,200,0.070853684,1.923375739,396,200,-0.067490334,1.460812537,396,200,0.002766326,1.467517909,,,,0.050479535,,0.193899241,
397,200,,397,200,-0.079063866,1.552378985,397,200,0.069357922,1.353005591,397,200,0.00853836,1.473480291,397,200,0.049438843,1.641507273,,,,0.057000418,,0.106036269,
398,143,,398,200,0.076455987,1.634957469,398,200,-0.04450545,1.992587146,398,200,0.052783836,1.297993564,398,200,0.160092317,1.706509753,,,,0.072898747,,0.247203027,
399,200,,399,200,-0.054556703,1.464861544,399,200,-0.121319622,1.822827084,399,200,-0.022367147,1.293596104,399,190,0.116289678,1.36382846,,,,0.086659329,,0.203619838,
400,200,,400,200,0.075351578,1.581795483,400,184,0.087186495,1.281533005,400,200,0.009517909,1.322894838,400,200,0.04698014,1.353511867,,,,0.029928513,,0.116492937,
401,187,,401,173,0.020429229,1.297700854,401,193,0.007899139,1.181765013,401,200,0.007504021,1.199568651,401,160,-0.045305936,1.420049615,,,,0.025329089,,0.094785496,
402,133,,402,153,0.032573752,1.360455287,402,169,-0.005443164,1.184804687,402,167,0.014024922,1.276340323,402,169,0.061075273,1.27102094,,,,0.024519286,,0.062132557,
403,200,,403,143,0.0314294,1.283445604,403,170,0.035704568,1.17343685,403,200,-0.005063622,0.908281006,403,181,0.06925518,1.083744866,,,,0.026329381,,0.137356886,
404,163,,404,187,0.019947388,0.947408204,404,200,0.023610359,0.902347508,404,200,0.033725735,0.905351305,404,200,-0.035757613,1.515992071,,,,0.027112174,,0.259390835,
405,172,,405,160,0.061061762,1.247181018,405,197,0.04026589,0.928944351,405,148,0.140845305,1.373126584,405,200,0.046336055,1.01872285,,,,0.040388575,,0.17682796,
406,169,,406,200,-0.006211433,1.124370953,406,148,0.003655525,1.152180336,406,138,0.001515046,1.217445421,406,161,0.00746912,1.050969244,,,,0.004992426,,0.059708439,
407,155,,407,181,0.086451945,1.035571895,407,168,0.135492568,1.200284673,407,177,0.115137482,1.042128401,407,200,0.039917325,1.187660488,,,,0.035882048,,0.077724108,
408,200,,408,138,-0.007180532,1.198730285,408,182,-0.017343764,0.985457237,408,152,0.024054365,1.114097367,408,152,-0.042383493,1.104416634,,,,0.023812996,,0.075967315,
409,194,,409,136,0.015006345,1.159558471,409,178,0.062513782,1.236741377,409,184,0.094487701,1.2841568,409,158,0.047540532,1.16604703,,,,0.028595544,,0.051671968,
410,167,,410,165,-0.369082367,1.191535723,410,200,-0.01015671,1.230638693,410,138,-0.049271067,1.378147195,410,167,-0.163307848,1.170321945,,,,0.139516943,,0.081159993,
411,200,,411,139,0.120859302,1.281920557,411,121,0.094611808,1.145767261,411,200,0.018048944,0.798764838,411,182,0.073151977,1.33885473,,,,0.037826603,,0.20985251,
412,200,,412,200,0.022174659,1.047814851,412,200,0.061409148,0.843454028,412,194,0.071747494,1.44998709,412,200,0.085947384,1.494785123,,,,0.023683347,,0.273565542,
413,185,,413,200,-0.010154561,1.430558268,413,165,0.023372678,1.126771422,413,200,-0.092468967,1.404531507,413,200,0.057707868,1.3277573,,,,0.055709245,,0.119103984,
414,189,,414,200,-0.041296939,1.34229123,414,200,-0.017137335,1.942039427,414,200,-0.006710207,1.009966929,414,200,0.183790386,1.990451623,,,,0.089866353,,0.41251533,
415,200,,415,200,0.074197469,1.126143664,415,200,-0.058731369,1.843699926,415,200,0.0215883,1.366001192,415,200,0.013402055,1.33935038,,,,0.047338791,,0.262339301,
416,200,,416,200,0.130130034,1.358967706,416,195,0.15262832,1.197361367,416,200,0.101599849,1.380628598,416,177,0.075039236,2.119027155,,,,0.029245275,,0.356419986,
417,200,,417,200,-0.165374238,2.57425316,417,200,-0.001812246,1.16933368,417,200,0.045645464,1.183895791,417,200,-0.04200826,1.217764968,,,,0.078283193,,0.599513206,
418,142,,418,200,-0.029413225,1.294815502,418,200,-0.015053419,1.452179773,418,200,-0.108817639,1.975585476,418,185,0.00100896,1.097313883,,,,0.042240668,,0.325812684,
419,200,,419,198,0.042100667,0.772888989,419,141,0.097123676,1.147789837,419,186,0.0319077,0.803321626,419,122,0.01420605,1.283082187,,,,0.030975134,,0.219218278,
420,160,,420,200,-0.063737138,2.053457325,420,187,0.100613211,0.936018544,420,200,-0.00367036,1.258495981,420,200,0.006810001,0.890303862,,,,0.058832334,,0.466047604,
421,133,,421,187,0.024828425,0.853204253,421,182,0.112004305,1.062001798,421,157,0.115755257,1.117138657,421,153,0.060403228,1.188056418,,,,0.03780995,,0.124835623,
422,136,,422,194,0.025082839,0.960837025,422,178,-0.037647479,0.989140876,422,200,-0.016455936,0.996252559,422,168,-0.022002452,1.035591866,,,,0.023187011,,0.026692117,
423,154,,423,134,0.109112132,1.10666185,423,163,0.079451007,1.057873188,423,130,0.048155901,1.17691314,423,147,0.07662457,1.167420449,,,,0.021576497,,0.048262569,
424,163,,424,138,0.034567102,1.059726658,424,128,0.027527711,1.191945655,424,184,-0.021573254,0.788337949,424,200,-0.066271342,0.933267555,,,,0.040755959,,0.149570997,
425,200,,425,166,0.071293263,1.054459314,425,141,0.052587678,1.13792865,425,200,0.046715816,0.906664953,425,145,0.029568182,1.379902205,,,,0.014902495,,0.171520949,
426,151,,426,139,-0.023935891,1.10946535,426,180,0.054583826,1.034423658,426,141,0.071240165,1.044861031,426,200,-0.040241529,1.811827247,,,,0.048209926,,0.325559102,
427,193,,427,200,-0.033836532,1.198776765,427,151,-0.052452742,1.098125053,427,127,-0.040700862,1.141005344,427,145,0.007148214,1.00510739,,,,0.02243511,,0.070682118,
428,145,,428,146,-0.017481253,0.91091254,428,121,0.033369803,1.100379357,428,143,0.034261282,0.899579031,428,132,-0.083398318,0.97280184,,,,0.04814532,,0.079771072,
429,124,,429,138,0.047305651,0.861766534,429,136,0.008562414,0.929952976,429,126,0.076631307,1.023989263,429,120,0.05995322,1.024180048,,,,0.025091758,,0.068495144,
430,117,,430,137,0.021121518,0.946449678,430,121,0.00814751,1.518931775,430,115,-0.017123454,1.479379704,430,150,0.022160001,0.861368326,,,,0.015831619,,0.299466309,
431,177,,431,135,0.026804019,0.939270205,431,99,-0.092297359,1.665447661,431,112,0.158765338,1.4113537,431,116,0.105507779,1.024605182,,,,0.094468556,,0.293927693,
432,147,,432,172,0.025270989,0.777468858,432,137,0.073760395,1.105768926,432,190,0.003123041,0.768613182,432,127,0.081311249,1.043802663,,,,0.032732163,,0.152486909,
433,142,,433,172,0.045399451,0.736356282,433,178,0.067653817,0.691029685,433,115,0.032200655,1.05911956,433,125,0.10981961,1.207058358,,,,0.029452297,,0.216715931,
434,122,,434,130,0.015023291,0.937504367,434,143,0.012757692,0.925808117,434,137,0.000523342,0.966016446,434,160,0.007463472,0.756749887,,,,0.005581251,,0.082010598,
435,169,,435,121,0.051268183,0.930940691,435,146,0.023522233,0.898868066,435,137,0.025498314,0.800018203,435,160,-0.006296072,0.796355942,,,,0.020389162,,0.059464196,
436,144,,436,156,-0.025965865,0.878313055,436,143,0.025156426,0.906765479,436,147,0.006734419,0.873040753,436,143,0.051847646,1.002923913,,,,0.028311586,,0.05221269,
437,179,,437,177,-0.011311447,0.808062862,437,197,-0.021879004,0.71693972,437,200,-0.057111792,0.84193317,437,159,0.012960981,0.8068601,,,,0.025203997,,0.046362181,
438,138,,438,147,0.087912886,1.474122983,438,200,0.06891569,0.910066144,438,144,0.142179688,1.32468513,438,151,0.022196255,0.969926355,,,,0.042990404,,0.236650054,
439,193,,439,153,-0.104649947,1.127959662,439,200,-0.077272909,1.146626979,439,145,-0.006953162,1.111962591,439,181,-0.103583619,0.970947208,,,,0.039741246,,0.069465651,
440,147,,440,185,0.061148088,1.064751783,440,185,0.053103936,1.230310799,440,176,0.031272765,0.80522657,440,169,0.067801533,1.45862935,,,,0.013757911,,0.238440744,
441,143,,441,194,-0.053727557,1.177682132,441,134,-0.04336313,1.539063424,441,146,-0.044419142,1.248665782,441,152,-0.026091345,1.366814682,,,,0.009978621,,0.136785832,
442,160,,442,200,-0.036661765,0.607377658,442,200,-0.023942486,1.521829398,442,171,0.089283668,0.91918901,442,156,0.014713757,0.744449489,,,,0.049078136,,0.349129798,
443,177,,443,159,0.066983523,1.30774652,443,160,0.206513261,2.2503298,443,141,0.142956095,1.523368711,443,183,0.177969432,1.463715369,,,,0.052224544,,0.363152487,
444,187,,444,200,0.036600848,1.947954978,444,197,0.102784383,2.001932829,444,198,0.075811286,1.246667724,444,200,0.000727229,1.025443077,,,,0.038718101,,0.427100953,
445,195,,445,189,0.127256946,1.390290317,445,158,0.056616159,1.16242828,445,145,-0.015615687,0.991588871,445,171,-0.040827186,0.957201451,,,,0.065671174,,0.171562045,
446,200,,446,200,-0.004482506,1.348104115,446,171,-0.047347159,0.971674199,446,149,-0.087122803,1.061946597,446,198,0.148254355,1.877334025,,,,0.089176723,,0.353278873,
447,200,,447,196,-0.069048115,0.957678117,447,172,-0.005350479,0.969816393,447,200,0.127122241,1.443283385,447,192,-0.074802135,1.143969687,,,,0.081286266,,0.196015531,
448,200,,448,200,0.077829421,2.032978469,448,200,-0.022630604,1.355977478,448,200,-0.029056858,2.341373972,448,200,0.078800005,1.641464596,,,,0.052129888,,0.374925286,
449,200,,449,200,-0.032012739,1.299840733,449,200,-0.04846212,1.342950933,449,200,-0.126162471,1.704729645,449,200,-0.061640548,1.247372603,,,,0.035695461,,0.179885544,
450,200,,450,200,0.023429558,0.70064503,450,200,0.019913382,0.735798924,450,164,0.063884942,1.234421668,450,145,0.13103335,1.186056839,,,,0.044733678,,0.246915207,
451,200,,451,200,0.188868311,1.818222636,451,155,-0.011527554,0.997785243,451,174,0.079844896,0.976711406,451,163,0.042275748,0.93744553,,,,0.073394971,,0.3676491,
452,200,,452,200,0.052800814,0.893988409,452,200,0.03006175,0.816437213,452,183,0.027687003,0.904010547,452,183,0.022919832,0.931459332,,,,0.011510902,,0.042699029,
453,200,,453,200,0.018808508,0.928592748,453,200,0.009403344,1.099035132,453,200,-0.042520044,1.180992863,453,200,-0.015059922,1.249776244,,,,0.023776652,,0.119918297,
454,200,,454,200,0.05622441,1.125633002,454,200,0.025958073,0.895913681,454,171,0.033964006,1.134329517,454,189,0.010195578,0.89071544,,,,0.016597665,,0.118387554,
455,200,,455,200,-0.008125707,0.955906398,455,200,-0.00555737,1.093691235,455,200,-0.061362397,1.019030045,455,200,-0.001523475,1.394216289,,,,0.024489157,,0.168028855,
456,200,,456,200,0.083639091,1.882347265,456,149,-0.013675801,1.008613227,456,180,0.083056948,1.364610575,456,200,0.044035687,1.005243961,,,,0.039725194,,0.358526715,
457,200,,457,185,0.039969557,1.000105236,457,181,0.015486927,0.918060903,457,158,0.010677554,1.108000625,457,200,-0.037289342,1.671645666,,,,0.027990675,,0.294851876,
458,197,,458,197,0.032337184,0.944777092,458,200,0.020051204,1.110856178,458,192,0.125666917,0.986003165,458,151,0.011106342,0.933550762,,,,0.045874113,,0.070349406,
459,182,,459,200,-0.024541434,1.434445928,459,200,-0.049997277,1.674356069,459,197,0.054841214,1.314128303,459,171,-0.035968988,0.945213105,,,,0.040708252,,0.263260077,
460,180,,460,172,-0.140412656,1.137869868,460,156,-0.01137015,1.510809377,460,137,-0.044293744,1.958838283,460,176,-0.03564273,1.064963844,,,,0.049127075,,0.355044712,
461,161,,461,188,0.099825563,1.549627961,461,186,0.085719131,1.300733044,461,167,0.007309617,1.091298162,461,169,0.022070882,1.168290026,,,,0.039702825,,0.174062736,
462,183,,462,145,-0.042304737,1.671859304,462,157,-0.061570359,1.269448394,462,130,-0.027789535,2.086844794,462,156,-0.031020726,1.505365098,,,,0.013214691,,0.298305634,
463,200,,463,152,0.099462131,1.497596895,463,134,0.069996446,1.427074273,463,153,0.095057034,1.218379899,463,200,0.038400827,1.588095299,,,,0.024305807,,0.13631217,
464,200,,464,184,0.015481603,0.826691473,464,181,0.018823015,0.720312305,464,132,0.034612125,1.071614756,464,200,0.029027136,0.650979348,,,,0.007686171,,0.159556673,
465,163,,465,128,0.006173961,0.931433048,465,155,0.090600233,1.092344284,465,141,0.083448238,1.172790522,465,167,0.070387297,0.82756807,,,,0.033403559,,0.134789273,
466,137,,466,151,0.049723864,0.915488923,466,151,0.009632147,0.95967179,466,170,0.041187851,0.879058247,466,200,-0.022214359,0.780123267,,,,0.02837816,,0.066204006,
467,156,,467,134,-0.041749021,0.968410209,467,152,0.013442385,0.897200482,467,149,0.035237379,1.029930773,467,163,0.042538027,1.118610494,,,,0.033026676,,0.081363208,
468,119,,468,143,0.034103988,1.016072197,468,137,0.000505214,1.118340332,468,159,0.050697263,1.066636248,468,126,-0.002210545,1.104900604,,,,0.022428794,,0.039705226,
469,168,,469,132,-0.258862477,0.998866471,469,200,-0.054133555,1.912430684,469,162,0.022878017,0.836526108,469,130,0.022520487,1.034687685,,,,0.115183213,,0.420528578,
470,132,,470,147,0.026054833,0.998021096,470,144,0.011358828,0.943897183,470,190,0.012338467,0.79159512,470,185,0.021615978,0.761036376,,,,0.006205117,,0.099771824,
471,183,,471,129,0.030013069,0.966678667,471,143,0.047056005,0.86872532,471,135,0.039492,0.958950431,471,149,0.04328945,0.933132652,,,,0.006336382,,0.038515704,
472,124,,472,122,-0.032080034,1.058072001,472,122,0.030866029,1.038965219,472,126,0.033880174,1.000462095,472,132,0.047735442,0.995229133,,,,0.030790722,,0.026286779,
473,200,,473,119,0.094923627,0.914555433,473,149,0.028746579,0.829350296,473,127,-0.145754087,0.997616775,473,119,0.032850336,0.92632225,,,,0.089626001,,0.05973778,
474,160,,474,158,0.00940768,0.786311951,474,120,0.096713953,1.114118143,474,167,0.08166004,1.162692899,474,192,0.07839978,0.613280456,,,,0.033704003,,0.228324241,
475,139,,475,137,-0.002476306,0.84577427,475,137,-0.091068178,0.831068785,475,149,0.045747181,1.014529284,475,135,0.05540765,0.865222805,,,,0.057982493,,0.07339509,
476,147,,476,139,-0.02642051,0.814027235,476,132,0.012179665,0.910666794,476,130,0.013014898,0.889614358,476,158,-0.144138391,0.772000373,,,,0.064243586,,0.056082253,
477,192,,477,147,0.040688409,0.972230809,477,164,-0.013926421,0.708373837,477,131,0.076176162,1.095733775,477,159,0.044494982,0.918934644,,,,0.032395875,,0.139945407,
478,170,,478,200,0.001114649,0.656814236,478,147,-0.013185543,0.89795365,478,138,0.0360545,1.178173803,478,156,0.029085712,0.995183422,,,,0.020105462,,0.188069163,
479,148,,479,191,-0.026552519,0.79582927,479,200,-0.112004439,2.755184049,479,142,0.023766139,0.957183073,479,184,-0.015025653,0.762882692,,,,0.049567003,,0.833142264,
480,200,,480,200,0.020646408,0.647416187,480,200,0.070178877,1.127600644,480,150,0.193062632,1.841290375,480,132,0.068788767,1.25721682,,,,0.063759729,,0.425372249,
481,200,,481,200,0.017866086,1.424638651,481,200,-0.0148011,1.328196702,481,157,0.048528919,1.351589676,481,184,0.120480706,2.137291262,,,,0.050016268,,0.334945813,
482,174,,482,142,0.063770498,1.134561174,482,200,0.033905444,0.70420403,482,164,0.06127936,2.500949628,482,151,0.023302207,0.758126231,,,,0.017392229,,0.727262147,
483,200,,483,200,-0.015682658,1.301908478,483,200,-0.043861905,0.983756202,483,184,0.042980252,1.183033097,483,200,-0.018174139,1.99754099,,,,0.031803003,,0.381620787,
484,200,,484,200,-0.02693712,2.217101025,484,180,0.132863319,2.565816298,484,200,-0.046159938,1.359459765,484,200,0.01043519,1.391544881,,,,0.069616525,,0.52284873,
485,183,,485,200,-0.073162167,1.354452242,485,200,0.016783192,1.157636216,485,200,0.0747205,1.229002702,485,200,0.070824236,1.490447409,,,,0.059678242,,0.126781954,
486,200,,486,200,0.151693088,2.392922584,486,200,-0.102248894,1.443120419,486,200,0.047447536,1.312480985,486,200,-0.089249785,2.144546548,,,,0.104484236,,0.45638301,
487,200,,487,167,0.002942209,0.827876014,487,200,0.054222058,1.023440297,487,200,-0.075765073,1.164024614,487,200,-0.098970979,1.416731013,,,,0.061295408,,0.214518872,
488,200,,488,200,-0.000797064,0.753972125,488,200,0.002391288,1.119294413,488,200,0.187700785,2.316277179,488,200,0.036288815,2.05557372,,,,0.077189379,,0.644485121,
489,200,,489,200,0.128333422,1.19680386,489,200,0.077479375,2.163534867,489,200,0.097248503,1.515356857,489,200,0.14169456,1.278660668,,,,0.025274477,,0.379300965,
490,200,,490,200,0.044191146,1.347030549,490,200,-0.011324937,2.310162263,490,200,-0.024725486,1.241532496,490,200,-0.005875763,1.503891597,,,,0.026104134,,0.420136302,
491,200,,491,200,0.064506072,1.060949074,491,200,0.034578214,0.956951762,491,200,0.106292382,1.745731372,491,200,0.020476455,1.564888045,,,,0.032869566,,0.331489143,
492,200,,492,200,0.078541791,1.784266394,492,200,-0.035330483,2.559568793,492,200,-0.111096776,2.960659781,492,200,-0.038196677,2.618105732,,,,0.067832847,,0.430256252,
493,200,,493,200,0.019805573,0.967401368,493,200,-0.097054921,2.4073436,493,200,-0.008007341,1.299731963,493,200,-0.037592198,2.483685461,,,,0.043348146,,0.666960091,
494,200,,494,200,0.016506515,1.386469976,494,200,0.041678067,0.85000396,494,200,0.186182431,3.102447389,494,200,0.059440718,1.491815491,,,,0.065444325,,0.841242775,
495,200,,495,200,0.03184558,2.036196495,495,200,0.054177227,0.993072484,495,200,0.079258967,2.208514795,495,200,0.107364796,1.28817721,,,,0.028171165,,0.505515964,
496,200,,496,200,-0.032525178,1.144740404,496,200,-0.146496568,1.323382415,496,200,0.044689325,1.553006795,496,200,-0.091869684,1.382321962,,,,0.071000807,,0.14585394,
497,200,,497,200,0.000520093,1.367068405,497,197,0.0879414,1.195736472,497,200,-0.063776636,1.485143085,497,196,-0.010693235,0.937598352,,,,0.054467475,,0.2058424,
498,200,,498,200,0.016319828,1.823336859,498,200,0.010034063,1.208058662,498,200,-0.03547377,1.75876612,498,200,-0.038908565,2.378144428,,,,0.02531107,,0.414318489,
499,200,,499,200,0.072750134,1.102886292,499,200,0.014011167,2.287882251,499,200,0.026575598,2.02013082,499,200,0.162447904,1.599744692,,,,0.058245524,,0.448216594,
