0,13,,0,37,5.127936039,61.68299714,0,10,2.454736321,17.90677439,0,11,2.537684244,20.41534425,0,11,2.594545112,20.19551703,11.40997371,,-0.390630147,1.126474886,-0.536759946,18.28962727,-0.415779895
1,17,,1,12,1.461116226,18.39592478,1,10,1.325222234,13.48800126,1,10,0.491954532,13.51664604,1,9,0.437684044,11.55205885,1.089724736,,,0.467049207,,2.529103986,
2,18,,2,11,0.556669992,13.0090194,2,11,1.164475182,13.87415907,2,9,-0.129464647,10.0400433,2,11,1.251065991,12.99138694,0.866025404,,,0.55396507,,1.452449575,
3,13,,3,13,1.148698334,13.71732556,3,15,1.875378454,19.1159024,3,10,0.508545011,9.838883232,3,11,1.009859262,10.73988818,1.920286437,,,0.488991927,,3.623573762,
4,39,,4,12,1.240989274,10.22263623,4,15,1.581680867,14.05524257,4,13,1.283071752,10.01606471,4,37,3.82057718,39.30244685,10.30473192,,,1.069838579,,12.1752705,
5,37,,5,30,2.644625431,24.65244159,5,23,2.286569345,17.22308892,5,26,2.45277098,21.88469035,5,44,3.450300415,35.10887339,8.042853971,,,0.446590027,,6.560790373,
6,48,,6,33,2.343898394,22.53371212,6,41,3.016747009,22.52002685,6,85,3.653629653,37.17277541,6,37,3.378192335,28.7758051,20.97617696,,,0.490536258,,6.00839516,
7,60,,7,103,3.025790717,28.82463015,7,34,2.594003768,20.51896129,7,69,3.033370124,28.90742233,7,58,3.040412024,26.90773794,24.82941804,,,0.190243908,,3.426431716,
8,52,,8,57,2.756133113,23.25686642,8,17,1.669469394,8.919658031,8,50,3.07435862,25.61425331,8,105,3.436627449,29.21738934,31.43544973,,,0.660159928,,7.706858341,
9,42,,9,24,1.61624713,9.80625608,9,29,1.705400063,12.6361012,9,15,0.499080744,4.605236236,9,28,1.700164679,11.75117243,5.522680509,,,0.509956338,,3.114317998,
10,78,,10,31,1.559394564,10.43906717,10,22,0.864980151,6.969752336,10,19,0.621020606,6.206009552,10,20,0.565158489,6.658105238,4.74341649,,,0.395584402,,1.679572356,
11,19,,11,27,1.287004705,9.087527431,11,29,1.338483474,9.303427432,11,30,1.543326178,9.963449947,11,42,1.889412128,13.29600569,5.873670062,,,0.23670972,,1.695718523,
12,42,,12,91,1.753898424,13.02626279,12,45,1.499412285,11.13573119,12,29,0.941836889,7.611559225,12,66,1.290212818,11.81245703,23.25268802,,,0.29740881,,2.013885193,
13,57,,13,39,1.42119487,9.793469538,13,152,1.572456867,11.93371129,13,35,1.305890699,8.291690871,13,28,0.862648643,6.905492526,51.24695113,,,0.264515818,,1.864893222,
14,21,,14,43,1.388941287,8.671576859,14,86,1.037047773,9.776456145,14,84,1.083567553,9.963459205,14,45,1.32784578,8.56129186,20.52437575,,,0.151495513,,0.631444211,
15,101,,15,28,0.590561539,4.826497145,15,63,1.416816341,9.625678706,15,73,1.230301612,8.565573268,15,74,0.872219819,8.80421386,18.68823159,,,0.319265899,,1.848828033,
16,40,,16,116,1.361321635,7.660713924,16,34,0.271221841,5.693418576,16,44,0.913354121,6.088149047,16,78,1.201263393,6.321261555,32.15587038,,,0.416444324,,0.739158488,
17,54,,17,89,1.279149147,7.052033306,17,59,1.211202817,7.080813433,17,76,0.875968151,7.623968646,17,65,1.340922477,7.796357292,11.43186337,,,0.179648887,,0.327747518,
18,82,,18,48,1.172972547,6.822963925,18,57,0.664217266,7.651147053,18,71,1.210471983,7.312760186,18,49,1.161869065,6.404964521,9.20258116,,,0.224829825,,0.473819633,
19,53,,19,152,1.071717448,6.213496315,19,58,0.996310414,5.535608282,19,187,0.737200254,6.032384405,19,61,0.272164712,7.593060805,56.38483839,,,0.312715494,,0.762854021,
20,65,,20,38,0.283270644,4.518377916,20,67,0.311990723,6.49792273,20,54,0.738538603,4.660051551,20,54,0.774198956,4.70538445,10.2804426,,,0.229939608,,0.812659967,
21,48,,21,117,0.572126072,5.132177604,21,59,0.591957895,4.70928115,21,79,0.834315241,4.713974242,21,200,0.919282191,4.570609393,53.97858372,,,0.150572137,,0.210490451,
22,63,,22,73,0.497288277,3.878265264,22,59,0.346411527,4.270145077,22,31,-0.363255024,5.420387678,22,34,-0.459903312,8.589628741,17.49821419,,,0.421502182,,1.849894308,
23,104,,23,101,0.266809013,4.525013064,23,72,0.083477746,5.727579994,23,51,-0.124757156,6.728857978,23,38,-0.03304234,4.847364383,23.81701073,,,0.14624371,,0.856021512,
24,37,,24,44,0.189062159,4.555941249,24,48,-0.096600135,6.993027981,24,75,0.039258046,5.690135129,24,106,0.35867867,4.793255393,24.84325864,,,0.169665065,,0.956001699,
25,102,,25,37,-0.235624447,5.673676803,25,79,0.208962176,4.776408158,25,47,-0.206946985,6.522658638,25,77,0.237036751,4.806273016,18.35755975,,,0.222595266,,0.71913632,
26,93,,26,86,0.424228331,3.995481906,26,68,0.286788052,4.402462495,26,67,0.30333785,4.337449632,26,58,0.081942268,5.090216504,10.15812483,,,0.122962337,,0.39724907,
27,63,,27,106,0.337940036,4.191909246,27,24,-1.651183058,11.43422547,27,44,0.038412374,5.576652589,27,68,0.315315531,4.286413809,30.54095611,,,0.823307512,,2.973262909,
28,65,,28,140,0.61340999,2.963084329,28,34,-0.64417195,8.101655329,28,124,0.461882768,3.310617379,28,22,-0.948850866,9.207727749,52.47856705,,,0.677840665,,2.789204794,
29,68,,29,140,0.539441656,3.341535638,29,34,-0.244143941,6.42602602,29,66,0.288195646,4.439186476,29,86,0.34661827,3.789867263,38.53245385,,,0.290485631,,1.178940184,
30,152,,30,86,0.374400521,4.136780829,30,49,-0.347154783,5.133428374,30,46,-0.296418173,6.03282212,30,57,0.138028624,4.622803813,15.81929202,,,0.301375245,,0.701885649,
31,68,,31,104,0.524441901,3.583020787,31,50,-0.175108825,5.267178978,31,166,0.639589503,3.010272975,31,68,0.18180398,4.67210012,44.32832052,,,0.31826862,,0.885999989,
32,32,,32,70,-0.154319141,4.843366409,32,46,-0.112943319,5.629751084,32,81,0.051950176,4.552880299,32,61,-0.136671573,5.207484107,12.81600562,,,0.082120904,,0.403254802,
33,132,,33,55,-0.537221819,6.230734512,33,133,0.433260245,2.909598365,33,99,0.312527592,3.799650024,33,135,0.372403297,3.195696845,32.47691488,,,0.396326285,,1.308395355,
34,72,,34,120,0.274810246,3.306430347,34,56,-0.257849745,5.652717897,34,44,-0.642047322,6.511107764,34,130,0.096541845,5.980823199,37.90448522,,,0.351323322,,1.226098684,
35,92,,35,70,0.037210374,3.465562101,35,99,0.376508793,3.925621099,35,122,0.395872938,2.242105863,35,76,0.072971707,5.052334691,20.54720176,,,0.166173114,,1.007082415,
36,49,,36,115,0.12175577,3.346101044,36,56,-0.19134071,4.179542766,36,45,-0.40702864,5.68767733,36,101,-0.114470003,3.917381374,29.43106352,,,0.188988412,,0.865343575,
37,104,,37,47,-0.379306351,5.711841492,37,91,0.18436007,2.879320572,37,52,-0.379820489,5.390324482,37,94,0.166338857,2.883299559,21.59861107,,,0.277529648,,1.339718437,
38,31,,38,68,0.191917381,2.707041533,38,82,-0.363913385,6.771891723,38,68,-0.350081339,6.840991845,38,131,-0.162924243,3.932440991,25.89763503,,,0.224198401,,1.796543199,
39,80,,39,87,0.048094891,2.921614112,39,72,-0.110800927,6.638883825,39,115,0.296304034,2.504359794,39,91,0.205508731,2.536761304,15.43332433,,,0.155254793,,1.733188084,
40,125,,40,73,-0.098819274,3.589418795,40,144,0.61495448,2.621700488,40,92,-0.328335425,6.712516436,40,57,-0.326236815,7.634130394,32.74522866,,,0.386451054,,2.08803901,
41,142,,41,200,0.171540861,1.745747277,41,151,0.2884399,2.274489429,41,198,0.091523668,1.162783948,41,119,0.204627377,2.614862714,33.94849039,,,0.070602693,,0.549718788,
42,81,,42,129,0.17122993,2.194424036,42,140,-0.203505901,5.922797123,42,167,-0.322949378,3.792206531,42,141,-0.273179956,3.046756749,13.95304626,,,0.194251527,,1.381730476,
43,198,,43,80,-0.372622693,5.565908942,43,66,-0.294691664,5.629777966,43,117,0.096103984,3.023382816,43,187,0.141868402,2.34562811,46.87483333,,,0.228566093,,1.476419114,
44,200,,44,167,-0.140413151,4.250110046,44,116,-0.277998958,3.790181564,44,125,0.24568391,2.393449417,44,200,0.286477692,1.850549418,33.74166564,,,0.242999274,,0.981847368,
45,173,,45,200,-0.013086365,2.884230936,45,154,-0.261579336,5.565501899,45,200,0.14501982,1.963275355,45,117,0.062088186,2.579901059,34.80211919,,,0.151937226,,1.378406361,
46,200,,46,127,0.089463116,2.267307176,46,145,0.070641685,2.30106088,46,127,0.070553626,2.1336847,46,64,-0.72920514,5.417958361,30.76828725,,,0.349132726,,1.380106774,
47,49,,47,200,0.197263503,1.856364913,47,200,0.02067932,2.246744699,47,200,0.160654873,1.527487279,47,146,-0.087733439,5.006120881,23.3826859,,,0.113685052,,1.378719955,
48,200,,48,113,0.019979463,2.799264894,48,156,-0.293606442,3.429391598,48,200,0.050398263,1.405920801,48,200,-0.040182004,2.610105548,36.10661297,,,0.135473427,,0.732716405,
49,140,,49,185,-0.274966537,6.194848656,49,159,-0.148548195,2.778435721,49,135,-0.503367645,8.660195915,49,120,0.323951684,1.998293192,24.65131842,,,0.302123934,,2.680316743,
50,200,,50,119,0.401521058,2.336994487,50,192,0.51854628,1.760083504,50,119,0.29108607,1.949846925,50,200,0.092966914,2.277234368,38.60375629,,,0.15676487,,0.236764453,
51,200,,51,200,0.240324563,3.608398899,51,138,0.357066067,1.570029184,51,119,0.257885785,1.842537547,51,178,0.370317998,1.304347239,31.94820026,,,0.057819013,,0.901955098,
52,195,,52,130,0.128818569,1.866910527,52,143,0.148763719,1.42188219,52,200,0.070713095,1.158604536,52,129,0.415303106,1.890065984,29.10755916,,,0.132694401,,0.308608855,
53,122,,53,153,-0.464193638,8.104370994,53,135,0.559027215,1.908557261,53,163,0.326436761,1.400796183,53,109,0.411350465,2.69206528,20.51828453,,,0.397002196,,2.682794231,
54,119,,54,170,-0.330195065,4.275245328,54,197,0.587394018,2.239392116,54,128,0.48133609,1.844964323,54,156,0.523826235,2.026633357,24.89352325,,,0.374749873,,0.979191729,
55,150,,55,142,-0.136216732,1.948280594,55,156,-0.392556198,3.583608743,55,70,-0.92001098,7.277281693,55,159,-0.106639068,1.723813052,36.2241287,,,0.326194842,,2.222976754,
56,138,,56,131,0.211804225,1.330406759,56,136,0.185043887,1.19656646,56,106,0.20946549,1.38387839,56,121,0.240354854,1.295491081,11.45643924,,,0.019600055,,0.068317138,
57,117,,57,118,0.139778807,1.379617247,57,200,0.178108683,0.986744683,57,140,0.46901956,1.84583202,57,116,0.183986926,1.355922365,33.95217224,,,0.13175031,,0.304815641,
58,163,,58,80,-0.419078305,4.753308145,58,116,-0.371811159,3.24731412,58,145,0.125300934,1.208870196,58,79,-0.586629685,4.154704319,27.48636025,,,0.265373445,,1.342710277,
59,129,,59,120,0.196690598,1.184234181,59,88,-0.347916216,3.549445907,59,82,-0.460994794,3.967222562,59,95,-0.256887062,3.205802542,14.46331566,,,0.24970137,,1.069415086,
60,70,,60,165,0.240744744,0.892551988,60,112,0.127445089,1.340170199,60,143,0.282007069,1.289720549,60,143,0.168680034,1.027035116,18.87293035,,,0.06029379,,0.184694515,
61,167,,61,110,-0.456304664,5.43231814,61,97,-0.272074769,2.455733118,61,56,-1.193891599,6.752814997,61,49,-0.951817605,8.711053238,26.02883017,,,0.37029588,,2.274622409,
62,104,,62,49,-1.006703911,8.509793496,62,186,0.408928352,1.483649404,62,173,0.198706467,0.974090257,62,125,-0.045130708,1.443209907,53.68600842,,,0.541495115,,3.128213217,
63,66,,63,81,-0.688129843,6.691665983,63,119,-0.252898973,2.238999805,63,156,-0.044613881,1.344417268,63,160,-0.181821351,1.452887899,31.99218655,,,0.240721259,,2.197926814,
64,77,,64,73,-0.578725153,4.674173644,64,86,-0.409627424,5.10613976,64,74,-0.427025388,5.133991522,64,65,-0.592241483,5.649215742,7.5,,,0.083940639,,0.345497607,
65,200,,65,51,-0.37628912,5.111480151,65,75,-0.444030435,3.934459775,65,99,-0.277487108,3.664503734,65,84,-0.178244522,4.084036273,17.41228015,,,0.100561023,,0.548065666,
66,122,,66,111,0.342923931,1.71744552,66,200,0.260841827,1.35105315,66,117,0.441201895,1.835179142,66,126,-0.422165199,8.166299223,35.90612761,,,0.339686298,,2.833955464,
67,47,,67,154,-0.251658542,6.911243191,67,73,-0.164215133,2.545266615,67,57,-0.118204923,3.515857789,67,172,0.145491094,1.215337086,49.734294,,,0.148061332,,2.107084703,
68,77,,68,156,-0.336996447,8.074177587,68,141,-0.378694381,6.259993834,68,70,0.106858601,2.019835776,68,189,-0.574663012,7.269036851,43.45687518,,,0.249232388,,2.333797725,
69,75,,69,113,0.24003622,3.20835788,69,83,0.124752261,3.999084448,69,74,-0.003774789,4.354944902,69,68,-0.125341797,4.646267855,17.29884389,,,0.136948912,,0.538391556,
70,69,,70,142,0.237931094,2.827472354,70,72,0.037595363,4.462295824,70,77,0.053865929,4.219330043,70,76,0.065580196,4.306390698,29.07210863,,,0.080972344,,0.656126579,
71,56,,71,128,0.421662374,2.357892744,71,133,0.340690145,2.292958123,71,89,0.324769559,2.829372615,71,93,0.146286418,3.587498387,19.87932343,,,0.100523362,,0.517008795,
72,95,,72,168,0.371412878,2.113463816,72,74,0.131164075,3.137201562,72,127,0.159941873,2.974644835,72,99,0.198997006,2.802775074,34.90701935,,,0.093247479,,0.389922004,
73,65,,73,67,-0.019397621,4.681249211,73,49,-0.14953216,5.929627746,73,65,0.059630844,4.701527997,73,70,-0.09907337,4.497368343,8.135570048,,,0.07945557,,0.569755952,
74,62,,74,200,0.433318907,2.501680197,74,113,0.09092177,3.292614911,74,125,0.219617252,2.407438656,74,56,-0.313122381,5.389453601,51.28596299,,,0.271995463,,1.200166058,
75,136,,75,96,0.107275545,3.679551361,75,71,0.115622379,4.484347564,75,90,0.408244276,2.669691868,75,103,0.179964706,3.510616479,11.89537725,,,0.121915604,,0.644415134,
76,165,,76,67,-0.037712294,4.452678969,76,50,-0.085820466,5.568778009,76,163,0.092794342,2.408179124,76,88,0.185957115,2.797008123,43.14510401,,,0.107185583,,1.274514227,
77,86,,77,92,0.011808436,3.392600316,77,89,0.17562074,3.503065581,77,133,0.147576801,2.277542088,77,91,-0.115904815,2.920691905,18.36266593,,,0.116397586,,0.483021971,
78,128,,78,117,0.153683614,2.964931871,78,64,-0.045169381,3.828464499,78,70,-0.044426815,3.222805133,78,110,0.256527789,2.114499372,23.47738273,,,0.130135167,,0.615846168,
79,139,,79,198,0.336479584,1.340206283,79,146,0.068913992,2.677956569,79,110,0.122047405,2.031151156,79,76,-0.075148901,2.826733807,45.19679192,,,0.147790852,,0.588970945,
80,105,,80,108,0.366814899,1.920401112,80,134,0.190228945,1.619378656,80,84,-0.12842027,4.397018042,80,104,0.23417001,1.893996539,17.79747173,,,0.181826667,,1.12585399,
81,101,,81,79,0.028913747,2.514301333,81,101,-0.178967798,3.953141231,81,78,-0.151654642,4.799146643,81,106,0.067735391,2.116744833,12.62933094,,,0.108128182,,1.082017383,
82,98,,82,99,0.121603586,1.795706756,82,140,0.224944473,1.479194766,82,116,0.353802107,1.604642803,82,64,-0.090369954,3.331993122,27.67105889,,,0.16256625,,0.74704414,
83,135,,83,89,-0.173635288,5.027562383,83,200,0.157470188,1.181400316,83,71,-0.706015635,6.015509575,83,134,-0.084503613,3.620903684,49.77198007,,,0.315380763,,1.816618035,
84,143,,84,168,0.169863872,1.1845613,84,156,-0.188780979,3.12484444,84,135,-0.212655235,3.887929861,84,92,-0.325500838,5.40464589,28.93419258,,,0.185797205,,1.519914383,
85,95,,85,153,0.179506971,1.099103206,85,96,-0.122860907,2.327809374,85,95,-0.116013655,5.125793704,85,118,-0.320393636,4.272329456,23.52126697,,,0.178447582,,1.583737587,
86,104,,86,131,-0.096529714,3.792858221,86,94,-0.277562646,5.082404028,86,200,0.0243685,1.91602891,86,85,-0.609407759,6.081978627,45.26864257,,,0.238928485,,1.557355665,
87,109,,87,98,-0.287788088,4.669785168,87,101,0.265732105,1.581811934,87,126,0.191074994,1.419390895,87,128,-0.101603195,3.908289913,13.80896448,,,0.223121141,,1.421135447,
88,168,,88,102,-0.316351928,4.959625333,88,100,-0.339027374,5.584300187,88,111,-0.121775637,4.561985174,88,89,-0.328227811,5.609824289,7.826237921,,,0.089600709,,0.441222827,
89,200,,89,127,0.318959546,1.544263674,89,114,-0.040695506,3.446792024,89,118,0.29384638,1.784865657,89,87,0.1709617,1.94989943,14.90805152,,,0.142237363,,0.744646168,
90,122,,90,106,-0.018673937,3.763164432,90,154,0.107171513,2.553769522,90,111,-0.109798337,3.524021634,90,95,-0.095820686,4.062288313,22.41093483,,,0.086084798,,0.565467149,
91,100,,91,134,0.102654055,2.751455869,91,106,0.012928862,3.32521195,91,169,0.582043802,2.228057652,91,141,-0.082155335,2.647464282,22.41093483,,,0.25569916,,0.3915472,
92,200,,92,101,-0.054823743,3.218880016,92,80,-0.298904057,4.028370163,92,85,-0.506932212,3.800268361,92,128,0.005815277,2.527928254,18.71496727,,,0.204128319,,0.58056582,
93,177,,93,156,0.029449342,1.841750575,93,189,0.071883444,1.473336091,93,200,-0.052681707,1.785053759,93,165,-0.00196257,1.5609632,17.7270979,,,0.045466342,,0.152653264,
94,107,,94,93,-0.043728787,2.90853756,94,93,-0.021707814,2.91372914,94,76,-0.09087673,3.553503668,94,175,0.148220363,1.281284594,38.58999223,,,0.090270314,,0.840428708,
95,200,,95,170,0.058201204,1.813300909,95,155,0.05890512,1.991731428,95,128,0.046168597,2.370610318,95,153,0.288710069,1.306950434,15.07481343,,,0.101574639,,0.382644466,
96,78,,96,95,0.070796923,3.21702981,96,185,0.068658691,1.787464038,96,79,-0.161014986,3.776795069,96,195,0.065728676,1.69858823,51.93024167,,,0.099353627,,0.899546441,
97,135,,97,103,-0.058549216,2.651764657,97,74,-0.236282616,3.805903447,97,82,-0.240572124,3.532117604,97,144,-0.043448783,2.0153062,27.12355987,,,0.093878386,,0.711251145,
98,102,,98,115,-0.004635848,2.191407617,98,164,0.156142481,1.582291701,98,122,-0.050686393,2.413106315,98,200,0.113311177,1.430465222,34.2955901,,,0.084183479,,0.409122045,
99,200,,99,114,0.046037641,1.971170347,99,111,0.022999092,2.024678779,99,136,0.13526389,1.29822557,99,200,0.086259768,1.613602607,35.82160661,,,0.042658982,,0.293657227,
100,105,,100,145,-0.082875825,1.890752374,100,125,0.099936334,2.267752595,100,92,0.027947207,2.999474268,100,109,0.01759147,1.935757435,19.58794272,,,0.065127788,,0.443744701,
101,129,,101,92,0.025092193,2.983682415,101,195,0.115847679,1.506066021,101,98,-0.023205438,2.861810341,101,100,0.052547053,2.779039083,42.68123124,,,0.05025197,,0.597151366,
102,178,,102,138,0.110731681,1.913018665,102,111,-0.147534873,2.488163989,102,132,0.04812712,1.979922175,102,116,0.075888566,2.249252913,11.09898644,,,0.100251974,,0.228616625,
103,159,,103,200,0.020257505,1.587388455,103,104,-0.004021818,2.417436712,103,112,-0.037244155,2.408968631,103,113,0.113088,2.360561622,39.27069518,,,0.055863459,,0.350661924,
104,177,,104,178,0.238452035,1.259930233,104,200,-0.030140831,1.911970477,104,200,0.137246022,1.652183073,104,200,0.116218815,1.614293985,9.526279442,,,0.095919039,,0.23212723,
105,134,,105,138,0.050209324,1.817009532,105,188,0.128629232,1.3597118,105,113,0.118214496,2.161131212,105,127,0.070496818,2.002450357,28.27100989,,,0.032548799,,0.300259761,
106,126,,106,200,-0.006269561,1.684659484,106,103,-0.61034396,3.286178083,106,122,0.184916732,1.922488573,106,200,0.023574551,1.480005022,44.26271004,,,0.302352474,,0.706267028,
107,116,,107,133,0.162367903,2.014582475,107,185,0.140203873,1.499091644,107,110,0.111964268,2.487851994,107,122,-0.047304134,2.218091876,28.60506948,,,0.082278979,,0.362155853,
108,200,,108,200,-0.00507924,1.366550074,108,158,0.157273752,1.548426504,108,114,0.104921593,2.078389687,108,97,0.048635635,2.412012249,40.08974308,,,0.060753119,,0.416137835,
109,122,,109,115,-0.067493823,2.087584437,109,162,0.040909414,1.474696437,109,77,-0.495854058,3.988708328,109,159,0.02846522,1.472449606,34.95264654,,,0.219036595,,1.031386003,
110,163,,110,141,0.29178102,1.368341616,110,157,0.305444799,1.234391959,110,200,0.122096436,1.555754907,110,188,0.489466422,1.803645292,23.58495283,,,0.130024123,,0.213794394,
111,100,,111,101,-0.010243382,2.557718964,111,177,0.091022419,1.508655833,111,200,0.174333901,1.018753557,111,166,0.344322124,1.340507662,36.74914965,,,0.129912897,,0.576755748,
112,158,,112,130,-0.063055612,2.111840966,112,192,0.035275679,1.488734268,112,200,0.071842846,0.955490328,112,129,0.058867363,2.139848889,33.37195679,,,0.052911445,,0.489719164,
113,169,,113,156,0.025996805,1.967026781,113,164,0.028431594,1.782042187,113,147,0.070716706,2.063804227,113,194,0.525948178,1.888760696,17.6546736,,,0.210431647,,0.103419558,
114,98,,114,147,-0.142923371,1.513074872,114,116,-0.363084541,2.295726714,114,200,-0.050167925,1.227569128,114,161,-0.055555874,1.699681924,30.17449254,,,0.126793955,,0.391152155,
115,108,,115,173,-0.008621327,1.664339998,115,109,-0.119778199,2.602754393,115,149,-0.114572268,1.893205115,115,104,-0.108039745,2.707716065,28.59523562,,,0.045875539,,0.447181427,
116,148,,116,200,-0.217430309,2.211975966,116,120,-0.078041083,2.386742497,116,145,-0.109531371,1.900135755,116,95,-0.161067293,2.921963931,38.89087297,,,0.052908688,,0.370746839,
117,156,,117,168,0.170777302,1.354382142,117,127,0.132930205,1.263364108,117,200,0.119496493,1.040331943,117,180,-0.022428276,1.554689783,26.67747177,,,0.073250376,,0.184765551,
118,200,,118,107,-0.267649381,2.172699686,118,84,-0.228837523,3.412023989,118,111,-0.077362971,2.566776096,118,200,0.083649639,1.016466071,44.22951503,,,0.138664187,,0.861854832,
119,159,,119,164,0.161043936,1.016689311,119,144,-0.035541625,1.962866262,119,95,-0.171489324,3.172833723,119,160,-0.061877884,1.790746365,27.45336956,,,0.119924047,,0.772463019,
120,136,,120,200,0.104564902,1.081561143,120,142,0.037294422,1.132819921,120,155,0.097532047,1.217870042,120,124,0.033027356,1.689658991,28.08358061,,,0.033071923,,0.241205133,
121,140,,121,200,0.082140813,0.95409729,121,200,-0.110722607,2.127518078,121,167,0.096098127,1.305701827,121,142,0.059611669,1.307587772,24.40671014,,,0.083298601,,0.43107198,
122,72,,122,154,0.033326883,1.285491621,122,153,0.021579143,1.166903144,122,200,-0.089259426,2.268677675,122,200,0.057740558,1.137642008,23.25268802,,,0.056437616,,0.46747878,
123,138,,123,159,0.168527672,1.424789247,123,117,0.048210903,1.884287269,123,144,0.158913068,1.303461846,123,114,0.013282804,1.949081311,18.79494613,,,0.067709236,,0.2805265,
124,200,,124,127,0.12584612,1.74804029,124,111,0.121733051,1.973980512,124,146,0.14958889,1.176249346,124,153,0.07626807,1.473116335,16.45258338,,,0.026525429,,0.298846427,
125,139,,125,93,0.031308285,2.5205112,125,200,-0.020303073,1.931554134,125,188,0.360168847,1.278885647,125,200,-0.082262637,1.88237554,44.86855803,,,0.171036334,,0.439340151,
126,150,,126,144,0.062490595,1.622795567,126,108,0.070350366,2.156510966,126,121,0.310984707,1.380476873,126,167,0.263635543,1.077266758,22.52776065,,,0.111740877,,0.395293048,
127,141,,127,145,0.218137873,1.198123793,127,94,-0.145397677,2.564996592,127,160,0.04504192,1.40191683,127,116,0.195394359,1.885574785,25.54774941,,,0.145269121,,0.526233982,
128,182,,128,145,0.096525167,1.183410959,128,187,0.024058345,1.040929336,128,135,0.043895077,1.366344706,128,139,-0.058329498,1.456189425,20.80264406,,,0.055695854,,0.160970113,
129,159,,129,135,0.182843134,1.192740857,129,127,-0.105563984,1.672056004,129,200,0.20831744,1.448306971,129,112,0.249223727,1.273416867,33.64892272,,,0.140156872,,0.183903678,
130,174,,130,153,0.125706818,1.487519867,130,181,0.148487931,1.326370567,130,154,-0.086611782,1.494440443,130,103,0.074805377,2.146013586,28.17245996,,,0.091837362,,0.314666559,
131,188,,131,124,-0.038956722,1.25064342,131,186,-0.078092428,1.122378408,131,105,-0.002693606,2.058752543,131,162,0.092039324,0.902298635,31.65734512,,,0.063052907,,0.436853353,
132,156,,132,175,0.358030133,1.279017367,132,156,0.283317093,1.27788088,132,111,-0.010988592,2.040420321,132,119,0.060748145,1.918345984,26.28093415,,,0.152363129,,0.353114794,
133,80,,133,140,0.33426885,1.192760931,133,102,-0.143176793,2.291992186,133,154,0.313579742,1.327200833,133,164,0.343496458,1.529091333,23.53720459,,,0.205371603,,0.425227984,
134,170,,134,125,0.034111844,1.624010846,134,116,-0.081117144,1.739135075,134,115,-0.017737039,1.834614076,134,134,-0.081650857,1.550383986,7.697402159,,,0.048392489,,0.108558216,
135,193,,135,153,0.216909618,1.673783275,135,173,-0.066314385,1.217532008,135,121,-0.066176489,1.726080677,135,163,0.16553568,1.358123944,19.5128163,,,0.130009101,,0.212767633,
136,173,,136,144,0.090776376,1.347304011,136,200,-0.049913293,1.23244339,136,200,-0.184567869,1.410273024,136,159,-0.066189046,1.314296178,24.8231243,,,0.097678196,,0.064120194,
137,111,,137,143,-0.078172134,1.587234214,137,200,0.035355846,1.451408117,137,192,0.072298341,1.360262358,137,200,-0.208364265,1.893289752,23.75263143,,,0.109548989,,0.201761009,
138,158,,138,138,-0.257635248,1.750243033,138,158,-0.119591355,1.55961699,138,164,-0.117152756,1.526004203,138,126,-0.213141871,1.87864318,15.2561463,,,0.060592215,,0.143694493,
139,106,,139,156,0.196235492,0.864836924,139,166,0.136152334,0.806723248,139,131,0.030779597,1.116242529,139,191,0.062585999,0.832905267,21.50581317,,,0.064408313,,0.123584307,
140,171,,140,146,0.266389427,1.212299864,140,129,0.35166096,1.537699463,140,137,0.47023815,1.682172611,140,139,0.317121457,1.283102488,6.05702072,,,0.075040624,,0.189839963,
141,141,,141,143,0.357338929,1.556302407,141,176,0.299472059,1.179366847,141,122,0.409065077,1.887005169,141,172,0.308961333,1.142516617,22.0836478,,,0.043650599,,0.304039117,
142,174,,142,128,-0.257450484,1.727915495,142,178,0.03420659,0.932895865,142,200,-0.117663406,2.669775875,142,200,0.079083659,0.810827488,29.40663191,,,0.132676147,,0.743620769,
143,200,,143,124,0.048542952,1.139103929,143,137,0.002808941,1.169722048,143,121,-0.084834246,1.314091385,143,200,-0.09853452,1.149276681,32.03513696,,,0.061059593,,0.070748661,
144,124,,144,142,0.351473689,1.736987485,144,125,0.365467809,1.404728169,144,122,0.363201749,1.865211377,144,136,0.366020191,1.682309756,8.104782539,,,0.005907449,,0.168147368,
145,200,,145,196,-0.044830159,0.982394859,145,137,-0.170969355,1.302987281,145,130,0.013294933,1.389922912,145,136,0.005151008,1.343599403,26.83630936,,,0.073665534,,0.160210868,
146,161,,146,200,0.03677128,1.806833746,146,129,-0.032036086,1.378679182,146,105,-0.415287111,2.518629606,146,200,-0.165851164,2.251214245,42.35858827,,,0.172690694,,0.434436351,
147,161,,147,200,-0.009779729,1.133481627,147,200,-0.16820355,1.385654656,147,200,-0.038115982,2.925607523,147,141,-0.04613342,1.272589345,25.54774941,,,0.060781788,,0.725058839,
148,116,,148,200,-0.194314401,1.505380556,148,178,-0.034174678,1.075451037,148,119,-0.094640242,1.422076498,148,132,-0.045247364,1.366845894,33.01041502,,,0.063254938,,0.161841242,
149,200,,149,117,-0.101427789,1.523066496,149,148,-0.034245054,1.209467959,149,189,-0.054926574,0.979403329,149,134,-0.103671884,1.333368667,26.61766331,,,0.029900705,,0.197400533,
150,105,,150,131,0.084351692,1.078172288,150,200,0.110472159,1.826321667,150,107,-0.046658425,1.51984689,150,181,0.117384527,0.817823181,37.35220877,,,0.066419589,,0.389424164,
151,133,,151,122,0.115189548,1.133945849,151,173,0.061857317,0.792427788,151,124,0.097954906,1.084153843,151,119,0.075438656,1.244313713,22.29910312,,,0.020487745,,0.167005063,
152,187,,152,73,-0.562558596,3.968448105,152,109,-0.41769572,1.988295484,152,104,-0.047573675,1.734962584,152,108,0.019189731,1.410886028,14.84082208,,,0.244558584,,0.998536135,
153,194,,153,200,0.262835269,1.014352939,153,149,0.451633357,2.247215824,153,174,0.401375205,1.987096595,153,121,0.493234119,2.7623645,29.30017065,,,0.086824618,,0.635206956,
154,198,,154,188,0.414232017,1.681016381,154,173,0.494451002,2.406943936,154,124,0.451249523,2.518199599,154,200,0.096232396,0.948224017,28.90826007,,,0.157204232,,0.63096633,
155,105,,155,169,0.41988935,1.788931615,155,135,0.488894101,2.230479375,155,200,0.033118461,0.849696726,155,124,0.564225146,2.627455082,29.85799725,,,0.204735608,,0.661665673,
156,119,,156,119,0.520255233,3.387173347,156,122,0.137176722,1.105417731,156,166,0.565984819,2.888850508,156,126,0.605595419,3.640202548,19.07059254,,,0.187247288,,0.99023528,
157,139,,157,166,-0.177370408,1.429183077,157,174,-0.013191514,1.041110098,157,141,-0.25509258,1.606999808,157,122,-0.028618521,1.40186069,20.58367071,,,0.101601915,,0.205459873,
158,200,,158,157,0.204007457,1.286114494,158,182,0.090648101,0.906225326,158,200,-0.129949417,2.575184861,158,172,0.11104679,0.905467502,15.62649993,,,0.122519837,,0.685761114,
159,134,,159,161,0.23701345,1.155563991,159,117,0.116702449,1.259017796,159,152,0.311319189,1.313427543,159,153,0.257908302,1.029629648,16.96135313,,,0.071195227,,0.108283089,
160,136,,160,125,0.04566641,1.115813033,160,200,0.09655895,0.743548179,160,192,0.113214215,0.854485263,160,185,0.06142339,0.783070851,29.63528303,,,0.026920292,,0.145034431,
161,121,,161,125,0.106935485,1.211356514,161,146,0.078333088,1.005441413,161,171,-0.004512084,0.806390027,161,131,0.100375847,1.17016527,17.75352078,,,0.044463728,,0.159527316,
162,200,,162,129,0.133395674,1.272856265,162,149,0.213024819,1.370929574,162,132,0.107501844,0.996890452,162,172,0.210269832,1.425311096,17.095321,,,0.046519401,,0.164966823,
163,200,,163,200,-0.127287383,2.676443802,163,200,-0.033799559,3.00787905,163,200,-0.077880937,1.373710178,163,183,0.13066544,1.555562819,7.361215932,,,0.096890442,,0.701611498,
164,200,,164,200,-0.122068991,2.000719431,164,193,-0.02186794,0.991234328,164,200,-0.088940527,2.054786012,164,200,-0.013233339,1.243664986,3.031088913,,,0.045612369,,0.464212744,
165,142,,165,200,-0.015642483,1.160012454,165,200,-0.149636177,1.531584614,165,166,-0.002869313,1.141486463,165,200,-0.139978311,1.362618909,14.72243186,,,0.06801173,,0.159899186,
166,163,,166,167,0.047345254,1.415364063,166,200,-0.015578683,1.470601265,166,200,-0.041833778,1.322717269,166,200,0.00649071,2.720384733,14.28941916,,,0.032685107,,0.572931947,
167,200,,167,194,0.088632492,1.097243836,167,158,0.013822309,1.189783551,167,168,-0.020881498,1.09933728,167,151,-0.024159309,1.22590871,16.3152536,,,0.045393811,,0.056251952,
168,142,,168,158,0.037707195,1.209279738,168,200,0.065038198,1.0810172,168,200,-0.142157594,1.26344736,168,200,-0.074802735,1.829132394,18.18653348,,,0.083956488,,0.286853555,
169,197,,169,119,-0.094173777,1.402431626,169,200,0.229063611,2.073663502,169,129,0.000125539,1.366869449,169,200,-0.03787238,1.110176177,38.16411927,,,0.122896278,,0.356281774,
170,195,,170,141,-0.016211068,1.178518421,170,117,-0.022742071,1.33453928,170,124,-0.039697891,1.362246226,170,200,-0.043890816,0.957278421,32.65348373,,,0.01149131,,0.160883868,
171,176,,171,181,0.081751103,1.086944485,171,145,0.159597333,1.344326003,171,148,0.102403905,1.04238321,171,197,0.031092685,0.702928644,22.01561946,,,0.046045271,,0.228238984,
172,112,,172,126,0.092406801,1.347672425,172,147,0.087628194,0.978307811,172,200,0.081498533,0.861692538,172,159,0.197273773,1.479743843,26.97220792,,,0.047829475,,0.254592095,
173,146,,173,122,0.037161,1.101508986,173,127,0.07010373,0.992498763,173,161,0.009508777,0.976589109,173,134,0.05091931,1.152713348,15.04991694,,,0.022070601,,0.0737613,
174,172,,174,121,0.018600591,1.085615603,174,114,0.073800605,1.110370222,174,130,0.067524367,1.128947402,174,187,0.088334196,1.078953775,28.85307609,,,0.026204745,,0.019947248,
175,121,,175,187,-0.02005057,0.796817381,175,137,0.011509176,1.166973492,175,172,0.025129194,0.954354521,175,178,-0.031144312,0.907265845,18.95389142,,,0.022819718,,0.134374614,
176,143,,176,133,-0.010280474,0.818475617,176,96,-0.377330936,2.238021859,176,123,-0.049942524,1.42587969,176,142,0.110457571,0.820021871,17.24093965,,,0.18057647,,0.58209837,
177,140,,177,117,0.105650885,1.09140318,177,95,-0.144615036,1.71979224,177,172,0.125551486,0.765730344,177,134,-0.05004684,1.016375123,28.16469421,,,0.111814219,,0.351284906,
178,98,,178,133,0.091407081,0.988400589,178,122,0.014426183,1.014290518,178,111,0.143389521,1.116348428,178,125,0.147721353,1.025983281,7.885905148,,,0.053745604,,0.04819997,
179,138,,179,90,-0.153993327,3.101009871,179,123,-0.210408133,2.613026915,179,136,0.051652574,0.842508089,179,103,-0.22458587,2.82147176,17.73414785,,,0.110578217,,0.884292888,
180,88,,180,153,0.055874544,0.757215169,180,145,0.187079868,1.013450091,180,84,-0.244541223,2.871019732,180,108,-0.012647553,1.161325282,27.96873254,,,0.15654916,,0.832639561,
181,130,,181,127,-0.127650326,1.647943329,181,138,0.147306914,0.84070258,181,110,-0.050296244,1.43213217,181,125,0.067212118,0.888931851,9.974968672,,,0.105719827,,0.346544741,
182,138,,182,94,-0.165478273,2.435784075,182,137,0.016782145,0.814898388,182,148,-0.030506416,1.079611742,182,93,-0.255152182,3.789669461,24.80927246,,,0.107856351,,1.187519168,
183,114,,183,139,0.242547103,1.342933966,183,149,0.284792978,1.154450551,183,185,0.201546691,0.906494722,183,118,0.334371108,1.64398163,24.24226681,,,0.049325232,,0.269449046,
184,137,,184,112,0.079869251,0.992374952,184,52,-0.959118089,8.580391304,184,123,0.107589771,1.056433119,184,93,-0.095327823,1.925834828,27.04625667,,,0.435612497,,3.16328914,
185,120,,185,154,-0.141486857,1.732616362,185,140,0.042502563,0.837303271,185,200,0.011705408,0.624842034,185,123,0.04872533,0.883988111,28.603977,,,0.077402485,,0.423039252,
186,161,,186,172,0.123559415,0.625831068,186,118,0.186961136,1.093969083,186,146,-0.127691114,1.189233968,186,165,0.157497588,0.893933581,20.90902915,,,0.124876224,,0.2157468,
187,125,,187,198,0.049215571,0.654812975,187,125,0.166764345,1.028337147,187,172,0.061473869,0.662516105,187,128,0.124055348,0.88776922,30.67877931,,,0.047694049,,0.1577521,
188,134,,188,133,0.141888572,0.961678148,188,143,0.186071217,1.005759777,188,131,0.108748204,1.126068391,188,127,0.15174938,0.943925782,5.894913061,,,0.027560801,,0.071044011,
189,147,,189,145,-0.057906207,1.186140241,189,151,0.114516347,0.902634886,189,137,0.068359918,1.028091524,189,138,0.062795313,1.11129675,5.673402859,,,0.063775963,,0.105225497,
190,164,,190,138,0.109398043,1.524091353,190,187,0.027682481,0.686197699,190,127,0.074148496,1.192639499,190,126,0.145270161,1.353177456,24.9849955,,,0.043482049,,0.313075011,
191,141,,191,184,0.131835052,1.069977339,191,131,0.124448917,1.253465111,191,129,0.145837211,1.094927079,191,149,0.117012845,0.84799139,22.06099499,,,0.01064751,,0.144500972,
192,143,,192,174,0.047910787,1.071296019,192,141,-0.099946138,1.000642036,192,131,-0.04910116,1.142386817,192,118,-0.068028409,1.246885292,20.72438178,,,0.055157207,,0.091009867,
193,137,,193,182,-0.012411297,0.906884899,193,159,0.056799369,1.129954678,193,158,0.045261785,0.997680778,193,167,0.044114807,1.114248384,9.604686356,,,0.02693375,,0.090944596,
194,184,,194,121,-0.060906217,1.214492562,194,118,-0.015253337,1.224545143,194,138,0.095694646,1.238552037,194,128,-0.079768556,1.172308946,7.693341277,,,0.068109658,,0.024713775,
195,137,,195,163,-0.034252321,0.900027647,195,189,-0.004133982,0.805241216,195,152,-0.084626287,0.988298026,195,148,0.052462356,1.07135733,15.98436736,,,0.049648476,,0.09917044,
196,167,,196,150,0.140393972,0.968954659,196,139,0.151704052,1.261131152,196,147,0.203458301,1.430058109,196,146,0.072357215,1.285928227,4.031128874,,,0.046701141,,0.167403026,
197,148,,197,138,0.226140914,1.141781281,197,174,0.116319056,0.997393952,197,131,0.196792856,1.330680569,197,200,0.005485912,0.805902968,27.92288488,,,0.08550188,,0.192432647,
198,200,,198,132,0.292936732,1.636805196,198,136,0.234425686,1.96903576,198,200,0.68083001,5.578149236,198,128,0.302593204,1.579292525,29.58039892,,,0.176947149,,1.673625043,
199,200,,199,200,-0.19976673,3.324190511,199,200,-0.307618101,2.682562792,199,200,-0.295442005,2.732428333,199,200,-0.27971992,3.976236783,0,,,0.042095085,,0.525010201,
200,200,,200,200,-0.033210421,2.891750575,200,200,-0.122483291,1.743567985,200,200,-0.042221142,1.603302625,200,200,-0.089414942,2.045153923,0,,,0.036204773,,0.500063014,
201,200,,201,200,0.200388964,1.987901887,201,200,-0.000951546,2.507937046,201,200,0.026771364,1.757447697,201,200,0.039691266,1.39533429,0,,,0.078697262,,0.403649549,
202,178,,202,200,0.270474463,2.529673737,202,200,0.005102027,1.486055665,202,200,0.316127466,2.376266954,202,200,-0.085386772,1.908374077,0,,,0.17052908,,0.409911447,
203,185,,203,178,0.113962814,3.284398252,203,200,0.26674464,2.806775285,203,200,0.029662548,1.742383113,203,200,0.098591705,1.472148007,9.526279442,,,0.086573541,,0.744873018,
204,200,,204,200,0.140242544,1.840233122,204,200,0.09314111,1.122274704,204,200,0.201929627,2.94584614,204,200,0.401685983,2.987457446,0,,,0.117610053,,0.785016681,
205,200,,205,200,0.310923478,2.365704441,205,200,0.437213386,3.471688775,205,159,0.359770929,3.196072203,205,200,0.160552644,2.571702647,17.75352078,,,0.100986703,,0.449369287,
206,175,,206,200,0.084419259,1.546455612,206,149,0.439202344,3.419627316,206,200,0.113460379,0.981813273,206,200,0.178020193,1.874469191,22.0836478,,,0.140082001,,0.903551038,
207,150,,207,198,-0.067141006,0.897096941,207,200,0.06146505,0.957029004,207,139,0.188029367,1.52405294,207,169,0.225998602,1.48609458,24.88473428,,,0.11513952,,0.290091716,
208,82,,208,150,0.282690321,1.770013988,208,200,0.07777814,1.08938363,208,100,0.058439465,1.612926979,208,150,0.064670038,1.166953063,35.35533906,,,0.093673275,,0.288381679,
209,75,,209,121,0.023673865,1.4630098,209,98,0.015976727,1.675568249,209,109,-0.053039567,1.642698568,209,103,0.024225276,1.746695363,8.584142357,,,0.03235124,,0.104553055,
210,95,,210,69,-0.172940082,3.061311171,210,95,-0.06147683,1.921497015,210,91,0.061563526,1.809476387,210,114,-0.099115057,1.645469716,15.99023139,,,0.084867288,,0.558262457,
211,158,,211,200,0.135523141,0.995855215,211,131,0.326307117,2.667648486,211,200,0.117450169,0.926750881,211,147,0.345497723,2.303650967,31.02015474,,,0.105121856,,0.773347851,
212,127,,212,100,0.238429972,1.874518305,212,104,0.232635231,1.667054128,212,80,0.061409498,1.844956423,212,145,0.264879712,1.887802195,23.61540811,,,0.080555688,,0.088849046,
213,179,,213,169,0.050562439,1.133092307,213,123,0.024745581,1.447138144,213,125,-0.077161356,1.520966637,213,176,0.061807181,1.181945654,24.38621537,,,0.054873242,,0.166239824,
214,200,,214,200,-0.054595912,1.300350324,214,177,0.059830675,1.143349055,214,132,0.073670001,1.468999055,214,153,0.035195467,1.27987515,25.5,,,0.049929194,,0.115641195,
215,200,,215,200,-0.061491184,1.378883756,215,128,0.026111528,1.376604998,215,147,0.08678472,1.374923798,215,133,0.051741743,1.475148104,28.57446412,,,0.054799538,,0.04260735,
216,180,,216,200,0.007313718,1.021237883,216,161,-0.009565175,1.297271108,216,133,0.020980581,1.405124369,216,200,-0.093138834,1.380290498,28.28869032,,,0.044372877,,0.152402268,
217,163,,217,138,-0.082296359,1.305705118,217,158,-0.011051471,1.225525213,217,165,0.073224728,1.33717755,217,147,-0.162917036,1.271181038,10.31988372,,,0.087210556,,0.041470985,
218,126,,218,107,-0.028308942,1.622229661,218,92,0.01125311,1.943757591,218,168,-0.146607692,1.275975497,218,171,-0.041931907,1.120766498,35.41539213,,,0.058336863,,0.318401727,
219,138,,219,146,0.072144432,1.15940719,219,117,-0.119858864,1.474852233,219,200,-0.005855403,0.886357235,219,163,-0.092271509,1.234996708,30.0208261,,,0.075501422,,0.20993781,
220,186,,220,87,0.056439522,1.685439533,220,149,0.095230382,1.062682214,220,139,0.128457372,1.245190144,220,132,0.187232718,1.749975071,23.7315718,,,0.047972105,,0.290075365,
221,189,,221,135,0.226389902,1.977377724,221,200,0.055406222,0.897751168,221,200,-0.096213414,1.687856852,221,151,0.161270421,1.661197672,29.05598045,,,0.121974007,,0.399782279,
222,200,,222,156,0.130452554,1.793439873,222,139,0.214536313,1.808362886,222,200,-0.018751737,1.254011981,222,192,-0.064875289,0.83090893,25.14333908,,,0.112390643,,0.40769231,
223,126,,223,200,-0.034790797,1.703331121,223,155,0.31239413,2.062581495,223,200,0.061278885,1.08046678,223,200,0.233525093,1.750102859,19.48557159,,,0.13709215,,0.356178774,
224,200,,224,167,0.068096365,1.240845086,224,164,0.053127702,1.079131201,224,155,0.095545317,1.348037482,224,200,-0.035114243,1.129336504,17.03672504,,,0.04891814,,0.103904112,
225,142,,225,193,0.193449155,1.505138879,225,200,0.012725402,1.083611354,225,198,0.186561026,1.400580781,225,200,0.041346481,0.97042143,2.861380786,,,0.082146591,,0.219781034,
226,200,,226,200,0.171456827,1.103617205,226,145,0.245293567,2.022900012,226,200,0.007731378,1.340214702,226,194,0.068707152,1.527491151,23.08002383,,,0.09156691,,0.337943229,
227,163,,227,176,0.185377916,2.134454947,227,200,0.028072733,1.664725805,227,158,0.310183107,2.321456847,227,156,0.497683098,2.462122938,17.68473918,,,0.171961512,,0.301030136,
228,200,,228,196,-0.053842182,1.260192062,228,200,-0.249916874,2.082563243,228,200,0.029974834,1.319830123,228,170,0.035863806,1.28996016,12.51998403,,,0.115532027,,0.343839613,
229,200,,229,200,-0.080519665,1.769859953,229,167,0.169666862,1.60349025,229,200,0.07074814,1.867554868,229,200,-0.032079363,2.667491743,14.28941916,,,0.096462965,,0.40962592,
230,200,,230,187,0.137834135,1.480602485,230,152,0.165103087,1.829299779,230,154,0.206222243,1.800071097,230,200,-0.022220089,1.214034844,20.77709075,,,0.086604179,,0.252184463,
231,166,,231,144,0.269269796,2.025147512,231,150,0.194596485,1.909694985,231,200,0.076115702,1.088762769,231,142,0.273279047,2.009805108,23.85372088,,,0.079844657,,0.389121751,
232,157,,232,182,0.171946407,1.544500168,232,138,0.221002775,2.021925108,232,200,0.15423364,1.308589549,232,138,0.156175265,1.73767778,27.25344015,,,0.026964666,,0.261565821,
233,200,,233,155,0.144740015,1.210962358,233,170,-0.033285608,1.049037558,233,102,0.104183129,1.586534981,233,165,0.044357192,1.034022721,27.10166047,,,0.067044712,,0.222623673,
234,200,,234,200,0.010437951,1.192860097,234,187,0.146567805,1.248379557,234,181,0.022915925,1.427850757,234,200,-0.038550277,2.149669903,8.276472679,,,0.068201663,,0.382372945,
235,145,,235,200,-0.0266731,1.777007203,235,141,0.3038384,2.186489276,235,194,0.228628908,1.774231434,235,166,0.240517961,1.997795585,23.57302484,,,0.126396036,,0.171750828,
236,200,,236,200,0.120923865,1.465349321,236,168,0.189051493,1.766847842,236,200,0.007653936,1.858156302,236,200,0.149520026,1.411143772,13.85640646,,,0.067492124,,0.19085658,
237,200,,237,200,0.105591429,1.471127196,237,173,0.176078702,2.171762274,237,200,0.189228946,1.38374425,237,200,0.160967368,1.071389797,11.69134295,,,0.031849434,,0.402156109,
238,152,,238,153,0.276069392,2.283210584,238,142,0.228746098,2.445873461,238,200,0.216016672,1.366973478,238,200,-0.041745856,1.886653969,26.53653142,,,0.12415258,,0.416084894,
239,146,,239,188,0.267383666,2.081744274,239,171,0.237605427,2.226126861,239,152,0.270070601,2.519127961,239,163,0.308533223,2.447519537,13.12440475,,,0.025188492,,0.174272504,
240,144,,240,130,0.279672255,2.928269778,240,142,0.331801196,2.652011754,240,165,0.282922071,2.31961099,240,123,0.3033624,2.343346377,15.95305613,,,0.02077401,,0.249405212,
241,197,,241,156,0.089268898,1.542039687,241,166,0.047070763,1.641061479,241,200,-0.024368643,1.620225056,241,186,0.021089005,1.458649767,17.11724277,,,0.04122174,,0.071888329,
242,166,,242,200,0.027637369,1.354175574,242,146,0.189433618,1.951916839,242,162,0.159613232,1.686472544,242,200,-0.059913167,1.5617078,23.68543856,,,0.100783079,,0.216372874,
243,169,,243,181,0.169695354,1.726382521,243,200,0.017617508,1.577912382,243,168,0.152880243,1.91269069,243,200,0.112480652,0.99753438,13.55313617,,,0.05895501,,0.342271816,
244,200,,244,200,0.093560288,0.986360231,244,196,0.124187724,1.44222336,244,200,0.03577902,1.12157032,244,168,0.086323752,1.642794797,13.37908816,,,0.031754558,,0.25880996,
245,144,,245,200,-0.036655768,1.855973042,245,200,0.121171227,2.435976965,245,200,-0.014243814,1.753050412,245,200,0.003412279,1.797190382,0,,,0.060998589,,0.276906836,
246,200,,246,178,0.363585973,1.895956834,246,200,0.167593666,1.591329324,246,161,0.202491067,2.049194539,246,192,0.230315701,2.126888812,14.82185886,,,0.074183729,,0.20495582,
247,200,,247,200,-0.067639615,1.376593687,247,200,-0.012594249,2.196719768,247,200,-0.253983898,3.092215067,247,200,-0.056496736,2.297632414,0,,,0.092559413,,0.607645694,
248,200,,248,200,0.032153463,1.526943713,248,200,0.071665752,1.540417703,248,175,0.280192465,3.011293003,248,200,0.119439755,1.353205545,10.82531755,,,0.094310207,,0.66995503,
249,200,,249,200,0.117441124,1.286882475,249,200,0.225493107,2.899191209,249,200,0.064150968,1.309696003,249,200,0.082918931,1.471688962,0,,,0.062458872,,0.671970644,
250,191,,250,200,-0.04641633,2.094756846,250,200,0.01057442,2.093802995,250,200,-0.043476812,2.202268907,250,200,-0.042468312,2.49657993,0,,,0.02372796,,0.164627351,
251,194,,251,200,-0.08967179,1.657031742,251,168,0.176732698,1.713431983,251,200,0.068001485,1.714522885,251,191,0.144897007,1.488501533,13.08386411,,,0.102957407,,0.092388175,
252,193,,252,200,0.062928362,1.217507945,252,200,-0.000547718,1.409112955,252,145,0.127227412,1.915746971,252,200,0.058556222,1.236088018,23.8156986,,,0.045220424,,0.282084582,
253,154,,253,200,0.180156298,1.585425434,253,200,0.155586122,1.624626491,253,200,0.054119816,1.397977283,253,200,0.041695672,1.206592036,0,,,0.060766478,,0.166384205,
254,137,,254,153,0.110793024,1.498526811,254,200,0.12217365,1.10272975,254,137,0.050547401,1.767678924,254,169,0.123424014,1.244081145,23.28492001,,,0.029959847,,0.253738673,
255,200,,255,192,0.119173432,1.23877851,255,200,0.031053385,0.994098821,255,127,0.056810577,1.695435253,255,160,0.089786246,1.356832421,28.86498744,,,0.033277481,,0.252542149,
256,200,,256,150,0.149203952,1.774351816,256,150,0.138236797,1.579419938,256,162,0.087998003,1.395385223,256,179,0.166054737,1.478993956,11.88223464,,,0.029091476,,0.14137604,
257,200,,257,200,0.024256951,1.149334485,257,196,0.074257798,1.246231388,257,158,0.039481795,1.530905438,257,200,0.096154841,1.196116565,17.68473918,,,0.02828634,,0.148494184,
258,159,,258,141,0.053460164,1.646320587,258,162,0.091565456,1.542043417,258,173,-0.039635515,1.337636108,258,194,0.094990549,1.376801021,19.13765921,,,0.054309987,,0.124855396,
259,158,,259,163,0.054242199,1.240780361,259,172,0.127786261,1.377814691,259,175,-0.024902712,1.139889465,259,139,0.039240237,1.382687391,14.13108276,,,0.054294534,,0.101451335,
260,200,,260,189,0.077046426,1.113286533,260,200,0.043095286,1.023237009,260,147,0.062258547,1.446593724,260,146,-0.035120727,1.486359428,24.31563283,,,0.043243879,,0.202126288,
261,200,,261,172,0.096625176,1.349724803,261,134,0.109835287,1.588931397,261,200,0.034534348,0.986526096,261,200,0.014664546,1.400581462,27.06935537,,,0.040210255,,0.218164099,
262,200,,262,200,0.118358841,2.025667413,262,200,0.025018225,1.622979277,262,180,0.08820363,1.450919176,262,200,0.106515509,1.868284003,8.660254038,,,0.03599618,,0.220968789,
263,200,,263,200,-0.137374819,2.111366596,263,200,-0.068718035,1.762583491,263,200,-0.166544428,1.951605603,263,200,-0.092149993,1.664965827,0,,,0.038130939,,0.172095142,
264,200,,264,200,-0.048026757,1.684415116,264,200,-0.09830994,1.910324394,264,200,0.133168179,3.614874005,264,200,0.019659407,1.577638985,0,,,0.086719572,,0.827481237,
265,200,,265,200,0.094751132,2.316571067,265,200,0.0762403,1.256624115,265,200,-0.000420897,1.643360512,265,200,0.134437092,1.420114256,0,,,0.049006265,,0.403613968,
266,200,,266,158,0.1880536,1.763093508,266,200,0.266135987,1.682218017,266,200,0.108622425,1.359072046,266,200,0.099296021,2.158532438,18.18653348,,,0.067554217,,0.284668865,
267,200,,267,200,-0.147409177,1.492534019,267,200,-0.024129104,1.739028466,267,200,-0.064837627,2.084824024,267,200,-0.152500893,2.411346955,0,,,0.054694213,,0.347669753,
268,200,,268,200,0.153619676,2.719057711,268,200,0.021741316,1.320644595,268,200,0.07433096,1.370482913,268,200,0.149612312,1.68234562,0,,,0.055044644,,0.563446705,
269,200,,269,157,0.182942924,2.101101646,269,200,0.084484132,1.419584635,269,200,0.085639039,1.421790899,269,200,0.112675298,1.201182581,18.61954618,,,0.040020896,,0.33839282,
270,140,,270,200,-0.007393815,1.213986308,270,200,0.053733703,1.239298526,270,200,0.119109478,1.51195448,270,189,0.201979705,1.550038927,4.763139721,,,0.077739658,,0.153033573,
271,188,,271,199,0.222795508,1.983275644,271,200,0.126886626,1.507642167,271,200,0.156486419,1.615038743,271,164,0.145790036,1.745933997,15.44951456,,,0.036118858,,0.17741323,
272,139,,272,200,-0.01921943,1.116550124,272,153,0.030238904,1.351658899,272,195,0.082349185,1.095337098,272,200,0.135699358,1.722563674,19.73575436,,,0.057795854,,0.252445903,
273,167,,273,186,0.10189281,1.368332437,273,200,0.021714623,1.285053107,273,200,-0.009746593,1.132586383,273,168,0.018710269,1.303841086,13.14343943,,,0.04154806,,0.086457376,
274,200,,274,200,0.112684205,1.468502718,274,200,-0.072498483,1.493724508,274,149,0.08501851,1.542042769,274,153,0.215607641,1.582119915,24.54078238,,,0.103235627,,0.04380905,
275,200,,275,174,0.059881568,1.52002906,275,185,0.194561816,1.577411268,275,200,0.128630844,1.258104632,275,181,0.253348863,1.961167216,9.513148795,,,0.072306734,,0.25124967,
276,200,,276,200,0.113212471,2.544888035,276,200,0.053390124,1.766010671,276,200,0.139280265,2.12121559,276,200,0.22381689,1.820889999,0,,,0.061268069,,0.309202521,
277,200,,277,200,-0.089318348,1.671164899,277,200,-0.092978674,2.52640582,277,200,-0.158558114,2.548593803,277,200,-0.048398854,1.938936511,0,,,0.039453322,,0.37834464,
278,200,,278,200,-0.065153219,1.508252923,278,200,0.138376895,2.018567108,278,200,0.115452209,1.646620123,278,200,0.102790906,1.736541499,0,,,0.080700166,,0.186690014,
279,200,,279,200,0.14225203,2.397281306,279,200,0.134953047,1.882710585,279,200,0.06721723,1.228182536,279,200,0.005884262,1.904720394,0,,,0.055502415,,0.415390335,
280,183,,280,200,0.155260509,2.34541824,280,200,0.102484814,1.629051053,280,200,0.135574667,1.374795523,280,200,0.084021486,1.51750275,0,,,0.027772928,,0.374014431,
281,188,,281,200,-0.05491627,1.317807746,281,200,0.076144878,1.654879481,281,200,-0.013765404,1.478292688,281,200,0.145177652,1.928187321,0,,,0.077870194,,0.226415167,
282,161,,282,200,0.097813036,1.346632406,282,200,0.005311292,1.338738323,282,174,0.049825647,1.207353398,282,138,0.086881345,1.505064436,25.41653005,,,0.036217391,,0.105510634,
283,194,,283,146,0.144941668,1.612535522,283,144,0.164666528,1.550224388,283,153,0.161192947,1.400082542,283,184,0.128479898,1.387295184,16.08376511,,,0.014395845,,0.096502646,
284,156,,284,143,0.065435558,1.474143804,284,200,0.101960783,1.239031432,284,165,0.01369853,1.249575162,284,137,-0.029338959,1.450128971,24.68172401,,,0.049921873,,0.109310563,
285,168,,285,178,-0.040112544,1.237312636,285,138,-0.104246129,1.531160134,285,175,0.044648685,1.223445318,285,200,-0.005023693,1.337732457,22.26404051,,,0.054205,,0.122929609,
286,124,,286,139,-0.005921209,1.298558659,286,150,0.222185126,1.663838171,286,144,0.112417077,1.265162037,286,160,0.085188606,1.579263254,7.822243924,,,0.081354129,,0.172860977,
287,170,,287,174,-0.022278719,1.179548758,287,146,0.004699347,1.372672854,287,171,-0.022796402,1.206904711,287,169,-0.091380735,1.259515125,11.11305539,,,0.035526734,,0.073947401,
288,160,,288,169,0.111435294,1.266061138,288,152,0.10478061,1.188228499,288,169,0.190822294,1.438263911,288,162,0.083789994,1.408466748,6.964194139,,,0.040628295,,0.102439475,
289,159,,289,165,0.011274324,1.242324791,289,157,0.043359889,1.252138805,289,138,-0.034836822,1.394969534,289,175,0.043951896,1.075802047,13.57156955,,,0.032158089,,0.113051346,
290,181,,290,159,0.020565798,1.235645761,290,197,0.062445736,1.150644704,290,174,0.075210502,1.121639251,290,182,0.107864204,1.258802739,13.72953022,,,0.031278013,,0.057070247,
291,146,,291,124,-0.087032882,1.487317762,291,153,-0.018144499,1.204374898,291,148,-0.088430605,1.269589783,291,129,-0.138975455,1.458293212,12.25765067,,,0.042968471,,0.120582191,
292,135,,292,200,0.000947874,0.98201155,292,161,0.15282082,1.678082609,292,188,0.121450939,0.887982556,292,162,0.139641792,1.440462807,16.79843743,,,0.060369201,,0.324950921,
293,200,,293,139,0.048505294,1.268158504,293,187,0.038474682,0.918633701,293,149,0.142922896,1.338621835,293,180,0.031227879,1.203904169,20.21602087,,,0.045243458,,0.159526528,
294,200,,294,177,0.158573051,1.488989007,294,200,0.044513927,1.425064954,294,200,0.026656395,1.025988356,294,149,0.000576608,1.109117521,20.98213526,,,0.060365501,,0.198234962,
295,161,,295,200,-0.015543327,1.529664687,295,200,0.070446645,1.3769197,295,200,-0.014831376,1.321863949,295,199,-0.006730125,1.118434267,0.433012702,,,0.036026622,,0.147235383,
296,189,,296,165,-0.156411165,1.262998346,296,200,-0.081760845,1.209784696,296,200,-0.019442315,1.397159351,296,177,0.002283794,1.22616094,15.10794493,,,0.061713223,,0.073657044,
297,169,,297,200,0.301638946,2.117731632,297,200,-0.049408033,1.096669433,297,200,0.087340984,1.39641274,297,200,0.192860055,1.356190261,0,,,0.12978801,,0.379278029,
298,200,,298,200,-0.03970367,1.293335343,298,172,0.000830592,1.082122854,298,134,-0.00642129,1.344970207,298,200,0.018978959,0.994136088,27.06935537,,,0.021244881,,0.145067237,
299,200,,299,161,0.062363528,1.334366984,299,194,0.122151245,1.433350491,299,200,-0.016305075,1.360318306,299,200,0.116864591,1.414150288,16.20763709,,,0.055714645,,0.039872305,
300,184,,300,200,0.038331115,1.340076777,300,200,-0.05491657,1.866475934,300,200,-0.086140129,1.478716043,300,200,-0.208226968,1.943020437,0,,,0.088162951,,0.253925843,
301,158,,301,180,0.050231623,0.898732219,301,134,0.151608361,1.345358505,301,153,0.169600245,1.200281531,301,162,0.0532694,1.131466535,16.57369904,,,0.054807882,,0.161265483,
302,155,,302,175,0.077851602,0.893848226,302,200,0.071562062,0.850577231,302,198,0.029673655,0.894700341,302,145,0.08095309,1.145759396,22.20923231,,,0.020680157,,0.116576786,
303,148,,303,162,0.055160062,0.990742437,303,130,0.058668006,1.292020677,303,163,0.017571755,1.089767529,303,153,0.095868586,1.077715453,13.28533026,,,0.027710049,,0.110430173,
304,122,,304,154,0.086268658,1.0854518,304,131,0.076791509,1.192307658,304,143,0.086036809,1.206286306,304,173,0.03593543,1.027703501,15.44951456,,,0.020748715,,0.074387401,
305,134,,305,141,0.014152067,1.099562944,305,133,-0.074911028,1.181067526,305,138,0.036646162,1.112459551,305,174,0.019420854,0.922756694,16.1322658,,,0.043377847,,0.095357382,
306,156,,306,165,0.024852674,0.845609972,306,117,-0.051366312,1.199936947,306,195,0.03468159,0.721782573,306,161,0.04782268,0.912726727,27.83433132,,,0.038607762,,0.175528928,
307,129,,307,131,0.099383387,1.23790685,307,142,0.113186764,1.064389656,307,140,0.057492773,1.061612294,307,128,0.052209023,1.1188915,5.889609495,,,0.026242619,,0.071419409,
308,160,,308,150,0.024569424,0.925301526,308,151,0.05164979,0.926920637,308,175,0.007538152,0.779966549,308,174,0.070536841,0.885482823,12.01041215,,,0.024248461,,0.059768662,
309,167,,309,129,0.071509589,1.167961327,309,132,0.028393198,1.141794777,309,136,0.094210431,1.060085028,309,159,0.095194705,0.952585636,11.81101181,,,0.027077036,,0.083942456,
310,156,,310,180,0.034195637,0.821805036,310,171,-0.015884721,0.908446523,310,177,-0.02506018,0.769508794,310,162,0.100423577,1.008523761,6.873863542,,,0.049851916,,0.09067553,
311,153,,311,175,0.027073955,0.774692338,311,168,0.041161137,0.700779628,311,135,0.100069604,1.090727291,311,160,0.12791,0.96831145,15.10794493,,,0.041431707,,0.154403618,
312,149,,312,137,0.068158866,1.118811755,312,173,0.110069469,0.934967178,312,139,0.067452257,1.063607041,312,148,0.094491917,1.332160097,14.32436735,,,0.018097751,,0.143351639,
313,182,,313,175,0.012824381,0.820277869,313,197,0.005142889,0.69333146,313,134,-0.021304509,0.97126902,313,175,-0.111999679,0.778843007,22.77471185,,,0.049656503,,0.100691313,
314,149,,314,184,0.036744061,0.653014424,314,138,0.072404424,0.925385285,314,126,0.061629417,1.00588492,314,119,0.066242203,1.160420305,25.32168043,,,0.013547219,,0.184012064,
315,143,,315,181,0.080277369,0.656156523,315,146,0.076383476,0.958160684,315,116,-0.106662564,1.077547262,315,110,0.038142341,1.022863754,28.19906913,,,0.076105913,,0.162918843,
316,147,,316,150,0.058621017,0.930621315,316,121,0.092063579,1.09817763,316,131,0.059207128,1.023484937,316,132,0.027011064,1.004959347,10.45227248,,,0.023002582,,0.059601153,
317,145,,317,182,0.041859471,0.624129295,317,144,0.086125744,1.145126218,317,130,0.044733056,1.045494116,317,141,0.065783452,1.082635543,19.61345202,,,0.017871765,,0.205308489,
318,189,,318,164,0.039967105,0.795662341,318,141,0.119438573,1.041169101,318,171,0.089294538,0.82313578,318,135,0.062156469,0.873445262,15.10587634,,,0.02975699,,0.095288838,
319,112,,319,147,0.093686108,0.847798332,319,127,0.073728525,0.973223216,319,144,0.061058931,0.901992126,319,166,0.005106752,0.839791249,13.8383525,,,0.032891158,,0.053314743,
320,115,,320,130,-0.021695324,1.284120263,320,115,-0.082717671,2.047475659,320,112,-0.067782173,2.472059213,320,102,-0.178478153,3.095898606,10.03431612,,,0.057050043,,0.658838402,
321,141,,321,96,-0.216140134,3.859688225,321,115,-0.202373351,1.989126682,321,142,0.0034206,1.094216687,321,129,-0.01086706,1.273946051,17.06604817,,,0.103005892,,1.094804371,
322,134,,322,88,-0.001593372,1.71163353,322,100,0.107595985,1.060328353,322,119,-0.067441177,1.254584385,322,85,-0.043015099,2.638018056,13.36038922,,,0.067031871,,0.608892928,
323,126,,323,169,0.227793815,1.644264243,323,139,0.224028135,2.373679431,323,178,0.215443635,1.53180067,323,129,0.083142938,2.023081723,20.31471142,,,0.060475403,,0.331778628,
324,195,,324,197,0.052465667,0.741181119,324,170,-0.009294384,0.806005693,324,200,0.015201326,0.659515578,324,189,0.015967184,0.695018594,11.68332145,,,0.022042356,,0.054795312,
325,195,,325,154,0.039082307,0.810929486,325,138,0.093652965,1.056169597,325,120,0.063885414,1.096274873,325,121,0.118491876,1.141505368,13.95304626,,,0.029983302,,0.127911478,
326,169,,326,145,0.057124382,0.907190646,326,151,0.192557991,1.093522166,326,132,0.08277901,0.905899249,326,153,0.095515254,1.101866278,8.196798155,,,0.051298886,,0.095621246,
327,127,,327,181,-0.021044727,0.775487898,327,118,0.003726371,1.107573618,327,153,-0.019899175,0.857068425,327,132,-0.001621934,0.99268355,23.73815494,,,0.010934443,,0.127096002,
328,114,,328,113,0.000439093,1.125087591,328,152,0.016786883,0.898509188,328,159,0.011221537,0.849904265,328,133,0.011195137,1.016694799,17.89378384,,,0.005923709,,0.106935142,
329,144,,329,137,0.013683156,0.759802884,329,130,-0.034641505,0.804466395,329,126,0.019901049,0.847176909,329,145,0.040468224,0.82061675,7.228416147,,,0.027534916,,0.031739014,
330,126,,330,169,0.010718501,0.627441214,330,153,0.038159413,0.706481376,330,182,0.009939961,0.601043946,330,135,0.110797991,0.913022392,17.59794022,,,0.041090264,,0.122374315,
331,127,,331,157,0.028453877,0.828264183,331,135,0.093758084,1.104770719,331,148,0.04918869,0.983872147,331,137,0.068297157,0.945207648,8.8705975,,,0.024085631,,0.098715899,
332,111,,332,150,0.069731324,0.942850879,332,119,0.172341579,1.033172369,332,136,0.118018459,1.108055571,332,148,0.156844509,1.103043925,12.33642979,,,0.039645177,,0.066908061,
333,139,,333,146,0.112749105,0.83336884,333,129,0.075224407,1.07391168,333,175,0.067986791,0.75157493,333,132,0.108897754,1.11587848,18.20027472,,,0.019821997,,0.154665378,
334,143,,334,142,0.020796254,0.940522624,334,172,0.02750285,0.735590138,334,129,0.077723964,1.001167216,334,132,0.012701893,1.022356992,17.00551381,,,0.025397293,,0.11335436,
335,157,,335,135,0.038808839,0.876871029,335,135,0.057188856,1.025317024,335,139,0.038555016,0.892821379,335,147,0.016823722,0.809693158,4.898979486,,,0.014296083,,0.078167505,
336,168,,336,139,0.101327096,1.126922592,336,178,-0.013852868,0.617949445,336,161,0.09805184,0.989494499,336,133,-0.076432877,0.9940954,17.92170472,,,0.075729617,,0.189594284,
337,151,,337,138,0.065252433,1.389606642,337,157,0.042218907,0.808936578,337,180,0.05658873,0.801124566,337,200,-0.001741283,0.998605369,23.38134941,,,0.025781706,,0.238668811,
338,149,,338,149,0.233539202,1.825002782,338,163,0.168380513,1.565784693,338,180,0.143420589,1.063717532,338,139,0.238644471,1.999211133,15.41711711,,,0.04109493,,0.352861162,
339,161,,339,157,0.012923884,0.83230151,339,146,0.029478117,0.846566159,339,152,0.065343564,0.777943294,339,134,0.058666536,1.082298664,8.584142357,,,0.021355814,,0.116878135,
340,143,,340,159,-0.003503866,0.761020576,340,163,0.042314873,0.951322294,340,149,0.082699322,1.012868418,340,124,0.026712226,0.916499251,15.17193132,,,0.03107678,,0.092905625,
341,148,,341,128,0.060806607,1.010168607,341,189,0.048801231,0.701353485,341,181,0.048353964,0.716748138,341,200,0.019212415,0.666559402,27.68122107,,,0.015317886,,0.137726216,
342,156,,342,133,0.062946769,1.169804762,342,124,0.102342526,0.992054533,342,151,0.061034828,0.858701664,342,131,0.126761753,1.035439321,9.959292144,,,0.027670705,,0.11105623,
343,143,,343,155,-0.043461524,0.792594231,343,155,0.008596197,0.768796534,343,200,-0.007094222,0.647451607,343,146,0.037006814,0.890931476,21.10687092,,,0.029053823,,0.08668438,
344,155,,344,137,0.068784448,0.880804261,344,148,0.115377991,0.879114434,344,153,0.057826629,1.166767347,344,173,0.132551213,1.112737982,13.04559313,,,0.03117298,,0.13129507,
345,142,,345,173,8.76E-05,0.884945225,345,145,-0.013274719,0.97225798,345,183,0.008049782,0.824329015,345,130,0.03756484,1.114939432,21.22940178,,,0.018636364,,0.109227563,
346,156,,346,120,0.043346858,1.022808184,346,132,0.08358819,0.887254136,346,134,0.078422742,0.92031275,346,136,0.092252167,0.823919144,6.224949799,,,0.018598406,,0.0719518,
347,146,,347,174,0.051153061,0.829097462,347,170,0.011985286,0.712480122,347,128,-0.03843179,0.885045568,347,182,-0.003006505,0.631060061,20.94636007,,,0.032127096,,0.099015562,
348,167,,348,190,0.089928319,0.91081968,348,180,0.078284784,0.976621766,348,175,0.056715876,0.841236094,348,177,0.080730693,1.237176569,5.766281297,,,0.012173604,,0.14972215,
349,200,,349,135,0.094130645,1.205587529,349,200,-0.029649714,0.820216712,349,156,0.083219431,0.978536789,349,147,0.091809849,1.134307246,24.54078238,,,0.051848145,,0.148561042,
350,161,,350,152,0.133107139,1.638756363,350,157,0.083604513,1.448269569,350,175,0.135618477,2.028676831,350,200,0.130495519,1.304323142,18.80159568,,,0.02149724,,0.271851315,
351,200,,351,162,0.036697167,1.011242781,351,190,0.012740441,0.842939221,351,148,0.036052655,1.30334908,351,149,0.099636336,1.160732854,16.94660733,,,0.032280915,,0.171265306,
352,181,,352,192,0.046971023,1.17849618,352,200,-0.012071404,0.865911744,352,182,0.026188956,0.822492282,352,176,0.091228261,1.413464234,9.20597632,,,0.037283871,,0.241169626,
353,153,,353,200,0.044213173,0.903318534,353,164,0.039222991,0.797515758,353,178,0.184706637,2.633431353,353,200,0.158618602,2.33510483,15.32155345,,,0.065647404,,0.824555241,
354,175,,354,200,0.186688163,1.538962821,354,197,0.134315919,1.573496452,354,200,0.219576846,1.725090233,354,200,0.118446472,1.354892767,1.299038106,,,0.040489245,,0.131703308,
355,197,,355,200,0.03457821,0.760225895,355,200,0.095499009,1.269136251,355,162,0.089422477,1.260796113,355,200,0.18142957,1.255556745,16.45448267,,,0.052542156,,0.217254798,
356,200,,356,160,0.070748391,1.619920338,356,170,0.117551468,1.058294874,356,199,0.329729939,2.951546537,356,160,0.149500243,2.255430157,15.9745892,,,0.098102942,,0.706869727,
357,200,,357,200,-0.247122188,3.323073516,357,200,-0.066593512,2.453651893,357,200,-0.132312628,2.548108924,357,200,-0.171942007,3.505726507,0,,,0.065389072,,0.46250951,
358,200,,358,200,0.044756768,1.148080598,358,200,-0.026203536,1.596924448,358,200,0.010035454,1.391481949,358,200,0.066979462,1.166870689,0,,,0.035332119,,0.183483848,
359,200,,359,200,0.050726991,1.460974302,359,200,0.080051544,2.206723676,359,200,0.168527931,1.667208197,359,200,-0.017150326,2.095500816,0,,,0.066660057,,0.304977508,
360,200,,360,200,0.088140696,1.922589622,360,200,-0.021780751,1.733333545,360,200,-0.018213409,1.720856119,360,200,0.016134795,1.306179524,0,,,0.044165091,,0.225145592,
361,200,,361,200,0.025001063,2.162486014,361,200,-0.072384332,2.403540039,361,200,0.02110766,1.232727131,361,200,0.017827172,1.390677004,0,,,0.040651082,,0.496228924,
362,200,,362,200,0.016068242,1.899332332,362,200,-0.029956664,2.613441194,362,200,0.039282738,1.64280903,362,200,0.089802932,1.864780761,0,,,0.043144202,,0.364763637,
363,200,,363,200,0.119395781,1.695727781,363,200,0.009043875,1.858090203,363,200,0.0009509,1.5830652,363,200,-0.057778875,1.981818401,0,,,0.064020287,,0.152244415,
364,200,,364,200,0.113306976,1.878845257,364,200,0.142055407,2.406689607,364,200,0.138484239,2.255736882,364,200,0.055815372,2.459426941,0,,,0.034505335,,0.227046201,
365,200,,365,200,-0.049112582,2.440150776,365,200,-0.02049599,1.873173577,365,200,-0.00624896,1.834180146,365,200,-0.010106196,2.148619768,0,,,0.016777033,,0.243659245,
366,200,,366,200,0.079362198,2.958555853,366,200,-0.094670743,1.662736664,366,200,0.015787479,1.71930918,366,200,-0.012194848,1.725370909,0,,,0.062499102,,0.544448404,
367,200,,367,200,0.070179909,1.942958407,367,200,0.015775799,1.848137335,367,200,0.08877578,2.466826336,367,200,-0.089289125,2.086125637,0,,,0.069286873,,0.235620594,
368,200,,368,200,0.095932312,3.323870441,368,200,0.030490734,1.553799168,368,200,0.107381082,2.505177097,368,200,0.084362724,1.722110134,0,,,0.029465755,,0.703370884,
369,200,,369,200,0.057439434,1.576199645,369,200,-0.024137703,2.278490027,369,200,0.031021084,1.686371572,369,200,-0.010044926,1.484810502,0,,,0.032436874,,0.30972366,
370,200,,370,200,0.036850667,1.981088262,370,200,-0.081814028,1.659400853,370,200,0.047764806,2.852624349,370,200,0.085794116,1.800279514,0,,,0.062712281,,0.46413956,
371,200,,371,200,0.118843156,2.086226063,371,200,0.05953651,1.712809883,371,200,0.06914243,2.184811549,371,200,0.098241261,1.627260673,0,,,0.023517217,,0.237272943,
372,200,,372,200,-0.05796257,2.167642653,372,200,0.023899088,1.749033907,372,200,0.020198324,2.292579286,372,200,-0.043528982,2.537013587,0,,,0.036776517,,0.285414065,
373,200,,373,200,0.027052193,2.38941633,373,200,0.006225754,1.999723497,373,200,0.04569597,1.620298168,373,200,-0.026274043,1.968580046,0,,,0.026714738,,0.272344014,
374,200,,374,200,0.044066303,2.942747275,374,200,0.094215893,1.93691387,374,200,0.13320144,2.629968344,374,200,0.079266672,1.970327329,0,,,0.031968179,,0.430965434,
375,200,,375,200,-0.040558982,2.223112976,375,200,0.05211096,2.054944701,375,200,0.005800071,1.936830415,375,200,0.1130781,1.965942965,0,,,0.056850406,,0.111550023,
376,200,,376,200,-0.005422291,2.18466301,376,200,0.083077478,2.71914353,376,200,0.080585702,1.496926453,376,200,0.015559788,2.041058573,0,,,0.039101669,,0.435098178,
377,200,,377,200,0.03408203,1.571501442,377,200,-0.05429929,1.922228202,377,200,-0.048101863,1.755233025,377,200,0.054414027,1.530884318,0,,,0.048312357,,0.156082124,
378,200,,378,200,0.07869405,1.481849327,378,200,-0.041148202,1.890026428,378,200,0.023578819,1.859359902,378,200,0.09625698,1.653041687,0,,,0.053654099,,0.165472621,
379,200,,379,200,0.083213495,2.482734811,379,200,0.058066656,2.209272835,379,200,0.0383017,1.125991841,379,200,-0.041153329,2.434600547,0,,,0.046546281,,0.550827609,
380,200,,380,200,-0.002359713,2.314227639,380,200,0.084017713,2.269427106,380,200,0.026908742,2.081556612,380,200,-0.014953369,2.131519605,0,,,0.038148926,,0.095634468,
381,200,,381,200,0.108841143,1.873500669,381,200,0.027647738,1.893466677,381,200,-0.042416458,2.019252932,381,200,-0.016565827,1.851365215,0,,,0.057407657,,0.065150471,
382,200,,382,200,0.13145262,1.970139241,382,200,0.143563832,2.038828527,382,200,-0.011822829,2.011482141,382,200,0.067220587,1.929053998,0,,,0.061756304,,0.041614392,
383,200,,383,200,0.077817762,1.832077868,383,200,0.06717535,2.365559877,383,200,0.057002652,1.292873844,383,200,-0.026859492,1.942630896,0,,,0.041444806,,0.382367173,
384,200,,384,200,0.054999694,2.304825699,384,200,0.040975783,1.564765228,384,200,0.061418024,2.231577656,384,200,0.079871113,1.838160024,0,,,0.013981463,,0.300519612,
385,200,,385,200,0.000873707,1.91226211,385,200,0.02234817,2.341804112,385,200,-0.009549117,2.024941396,385,200,0.060187939,1.572203902,0,,,0.02669329,,0.27505684,
386,200,,386,200,0.04535892,2.065812628,386,200,0.160651493,2.520619811,386,200,0.034176325,1.666926818,386,200,0.154225319,1.983818945,0,,,0.059011834,,0.305169005,
387,200,,387,200,0.127893414,2.85458065,387,200,0.04406098,1.962952021,387,200,0.085435977,1.405238013,387,200,0.032016861,1.25796208,0,,,0.03769398,,0.626225423,
388,200,,388,200,0.004023741,2.268931656,388,200,0.089646553,2.281913104,388,200,-0.108568179,2.056297493,388,200,-0.036430733,2.04518593,0,,,0.071603572,,0.112502661,
389,200,,389,200,0.042964827,2.001739603,389,200,0.078119268,2.140030195,389,200,0.084301416,2.345435059,389,200,-0.010751522,1.934577527,0,,,0.037750242,,0.157116093,
390,200,,390,200,-0.013048264,2.021193938,390,200,0.026009689,2.205950394,390,200,0.036265141,1.872955008,390,200,-0.002638986,2.568221723,0,,,0.020163613,,0.25991241,
391,200,,391,200,0.03926996,1.569175598,391,200,0.034424212,2.008606875,391,200,-0.083990873,1.85554985,391,200,0.028152814,1.496550904,0,,,0.051221318,,0.208400519,
392,200,,392,200,0.084098555,1.984250361,392,200,0.056990889,1.681678731,392,200,0.023210554,2.015603624,392,200,0.041097167,1.606793485,0,,,0.022367591,,0.180146759,
393,200,,393,200,0.121406995,2.072481701,393,200,0.010767498,1.297717351,393,200,0.096502561,2.198504997,393,200,0.071464861,1.664856604,0,,,0.041092201,,0.354726136,
394,200,,394,200,0.167840134,2.226472755,394,200,-0.01974518,1.673552814,394,200,0.029206178,2.17091142,394,200,0.120674517,1.569909605,0,,,0.073787111,,0.291461122,
395,200,,395,200,0.016166121,1.996836858,395,200,-0.012559163,1.743595349,395,200,0.093791901,2.026593575,395,200,0.08383749,1.681990556,0,,,0.044813692,,0.151405768,
396,200,,396,200,0.051200359,2.816812278,396,200,0.062544922,1.377980241,396,200,0.00811008,2.026578356,396,200,0.004364834,1.203165863,0,,,0.025667513,,0.633828139,
397,200,,397,200,0.099991134,1.741243396,397,200,0.079515427,1.746475945,397,200,0.113596303,1.954261771,397,200,0.132116176,2.276151494,0,,,0.019215398,,0.217783581,
398,200,,398,200,0.025284271,1.256883937,398,200,0.064823821,1.666201709,398,200,0.091732985,1.50900396,398,200,0.152691947,2.150106699,0,,,0.046349507,,0.325848924,
399,200,,399,200,-0.019546554,1.431142003,399,177,-0.023292804,1.979353484,399,200,0.007038466,1.44951142,399,200,-0.056475139,1.344595453,9.959292144,,,0.022554863,,0.250377378,
400,200,,400,200,0.348112741,3.614550823,400,200,0.319921214,2.412133163,400,200,0.244771204,2.027885258,400,200,0.127196251,2.060066035,0,,,0.085473913,,0.644804821,
401,200,,401,200,0.193772451,2.270504453,401,200,0.225690718,4.326423696,401,200,0.080791058,1.104372501,401,200,0.131945935,1.705082009,0,,,0.05590556,,1.21244248,
402,200,,402,200,0.138377333,1.494289291,402,200,0.081043762,1.938562352,402,200,0.005779366,1.699953464,402,200,0.295706351,4.250241987,0,,,0.106484797,,1.110735118,
403,200,,403,200,0.284037358,2.836263228,403,200,0.344842051,4.033659542,403,200,0.295906304,4.357205819,403,200,0.150745055,1.396525414,0,,,0.071913603,,1.163095448,
404,200,,404,200,0.113789128,1.656612562,404,200,0.038539325,1.175459075,404,200,-0.067081692,1.095243225,404,200,0.004394951,2.327184826,0,,,0.065083802,,0.490337783,
405,200,,405,200,0.167699562,1.486826544,405,200,0.137051484,1.129910362,405,200,0.192370753,2.173402983,405,200,0.258672715,2.929392808,0,,,0.044771631,,0.688218185,
406,200,,406,200,-0.08061873,2.099645686,406,200,-0.055032012,2.010772972,406,200,0.031587791,2.307029888,406,200,0.011471347,2.02435804,0,,,0.046135618,,0.118435342,
407,200,,407,200,0.01377697,1.834808057,407,200,-0.015549875,1.507105972,407,200,-0.004901764,1.370065851,407,200,0.089510632,2.249083368,0,,,0.041086296,,0.338838112,
408,200,,408,200,-0.015721117,2.707268658,408,200,-0.061349805,1.993549606,408,200,-0.143364937,2.597206943,408,200,-0.142454317,2.338869143,0,,,0.054624559,,0.274728599,
409,200,,409,200,-0.046200269,1.679392087,409,200,-0.020781824,1.575641,409,200,0.026952021,1.393938704,409,200,0.069401423,2.074104138,0,,,0.044423105,,0.249017038,
410,200,,410,200,0.066484514,1.831326214,410,200,0.029800268,2.095517889,410,200,0.058797256,2.239779053,410,200,0.08041259,1.941952751,0,,,0.018487283,,0.154507936,
411,200,,411,200,0.113090994,2.017463483,411,200,0.081662787,1.637109395,411,200,-0.083366324,1.546233704,411,200,-0.029162876,1.634078907,0,,,0.079950892,,0.181950341,
412,200,,412,200,0.106039044,1.473645577,412,200,-0.021769682,1.796600551,412,200,0.037227169,1.453390093,412,200,0.017521841,2.510964767,0,,,0.046312925,,0.427734961,
413,200,,413,200,0.013065911,2.144892738,413,200,0.032831572,1.890860223,413,200,-0.01392648,1.732554886,413,200,0.026152968,1.53028638,0,,,0.017902205,,0.224761349,
414,200,,414,200,0.058688953,1.883134916,414,200,0.034986552,1.609715052,414,200,0.009066412,1.953317781,414,200,0.024242494,1.446655081,0,,,0.018076851,,0.204871482,
415,200,,415,200,0.086057513,1.960127847,415,200,-0.004912768,1.539885394,415,200,0.118715116,1.992033503,415,200,-0.010990505,1.670423148,0,,,0.056405213,,0.191451975,
416,200,,416,200,0.101553743,1.521711053,416,200,0.057189634,1.615917169,416,200,0.071857859,1.526329826,416,200,0.036650615,2.189679508,0,,,0.023636563,,0.277527014,
417,200,,417,200,0.114958646,3.030717393,417,200,0.059108204,1.454069717,417,200,0.036847145,1.584939132,417,200,0.086547369,1.262638443,0,,,0.029311318,,0.700885436,
418,186,,418,198,0.106691588,1.330684195,418,200,0.013424514,1.888323507,418,200,0.076655546,1.874978957,418,200,-0.041558854,1.061716456,0.866025404,,,0.057323143,,0.355704866,
419,200,,419,200,-0.008096196,1.621461485,419,134,0.085972185,2.013859951,419,200,0.031508354,1.593967703,419,200,0.024957458,0.87130904,28.57883832,,,0.033765686,,0.412418839,
420,200,,420,169,0.157499492,1.991359857,420,200,0.078735264,1.480092408,420,150,0.067512787,2.051213017,420,144,0.089058692,1.973646487,21.82172083,,,0.035073402,,0.229276241,
421,200,,421,200,-0.002716768,1.357460493,421,167,0.106549893,2.20726223,421,177,0.122161898,1.712394989,421,187,0.100049836,1.595049815,12.2142335,,,0.049288556,,0.310046135,
422,200,,422,200,0.045060144,1.313414389,422,200,-0.025313959,1.365459194,422,198,0.162114416,1.99917416,422,200,-0.108416248,1.220152453,0.866025404,,,0.099194079,,0.307332926,
423,200,,423,200,0.0356751,0.782874032,423,162,0.063790837,1.188849591,423,175,0.046679257,1.305643151,423,200,-0.171484846,2.323000112,16.40693451,,,0.09587422,,0.567067312,
424,162,,424,158,0.026050267,1.242829016,424,200,-0.095268812,2.466365455,424,189,0.020078471,0.991918333,424,200,0.000701624,1.005987819,17.19556629,,,0.048917863,,0.608429661,
425,200,,425,200,-0.043319246,1.855459174,425,187,0.052483658,1.082053094,425,200,-0.002550432,1.36750362,425,200,0.020317759,1.055548061,5.629165125,,,0.034889389,,0.321676873,
426,175,,426,200,-0.016299803,1.260234942,426,159,-0.013276252,1.319385488,426,182,0.085931988,1.348002482,426,200,0.012720701,1.133568622,16.84302526,,,0.04121641,,0.082376804,
427,142,,427,152,0.032885604,1.159146001,427,194,0.082620015,1.434377856,427,200,-0.048633148,1.051060182,427,163,0.106399674,1.372426738,20.24073862,,,0.059346008,,0.15551741,
428,200,,428,166,0.018657955,0.940538833,428,200,0.051436986,1.374194767,428,189,0.111016132,1.851334216,428,162,0.01723596,1.044879635,15.80150309,,,0.03801367,,0.354874291,
429,132,,429,163,-0.004904164,1.01881783,429,134,0.026555388,1.196351513,429,151,0.020813307,1.141680671,429,136,0.019362785,1.179124856,11.81101181,,,0.012059191,,0.069371984,
430,149,,430,160,0.036661435,1.039947799,430,196,-0.01080117,0.815490715,430,157,0.033362762,1.074788894,430,195,0.006144969,0.981667091,18.53375299,,,0.019642536,,0.099534331,
431,200,,431,200,0.020328539,1.171536092,431,185,0.016576775,0.975620144,431,163,0.031739336,0.974556984,431,167,0.038530617,1.1148889,14.80498227,,,0.008780638,,0.086415673,
432,194,,432,200,0.123961375,1.197356457,432,153,0.055207185,1.229305184,432,161,-0.013808446,1.072999201,432,193,-0.097998643,1.203038882,20.10441494,,,0.082271306,,0.060492528,
433,200,,433,200,0.009612308,1.680386747,433,168,0.129755638,1.168109073,433,200,-0.010573999,1.259296002,433,195,0.127141107,1.332545589,13.29238504,,,0.064865061,,0.193884506,
434,157,,434,200,0.157130074,2.387556557,434,177,0.085429309,1.50698284,434,200,0.140802251,1.322848416,434,189,0.094218523,1.589119471,9.5,,,0.030289146,,0.40758952,
435,200,,435,200,0.016873622,1.532045052,435,200,0.096979574,1.114892666,435,200,0.110708068,2.064533441,435,200,-0.104307703,1.830009819,0,,,0.085455983,,0.354837504,
436,139,,436,179,0.118998931,1.147829714,436,189,0.044239247,0.890126544,436,200,0.025167593,1.048594907,436,198,0.18010867,1.62084836,8.321658489,,,0.061724537,,0.272321698,
437,200,,437,167,-0.028134355,1.331246875,437,164,0.100702819,1.278293257,437,150,0.174263926,1.41169183,437,187,0.139531637,1.347532803,13.20984481,,,0.076567459,,0.047596207,
438,147,,438,200,0.054059963,1.586426688,438,161,0.002338206,1.419354585,438,194,0.124496497,1.93615926,438,145,-0.125710056,1.493806548,22.81446909,,,0.091472684,,0.197975778,
439,200,,439,200,0.022129377,0.963923665,439,154,0.061163204,1.09923838,439,171,0.001642334,1.315516657,439,200,0.043510078,1.262758817,19.68978161,,,0.022371533,,0.138638191,
440,199,,440,200,-0.070506094,0.812717442,440,200,0.031345054,1.413463621,440,200,-0.040815072,1.849532688,440,200,0.05838979,1.007560605,0,,,0.052231138,,0.398252131,
441,157,,441,193,-0.009440541,0.780353485,441,200,0.070903357,1.130912919,441,172,0.097850619,1.14349175,441,200,-0.044939373,0.945471923,11.47551742,,,0.057966249,,0.14911905,
442,191,,442,191,0.176453943,2.508240118,442,184,0.148474796,1.341179334,442,168,0.100609906,1.373783574,442,200,-0.020633798,1.916791527,11.71270678,,,0.075402059,,0.476056984,
443,200,,443,200,-0.020712019,1.424198413,443,200,0.06741328,1.333836761,443,157,0.024030361,1.173380592,443,200,0.128535447,2.016490699,18.61954618,,,0.055103349,,0.31863794,
444,200,,444,200,-0.006493589,1.491394327,444,200,-0.026072621,1.404982169,444,200,0.080524476,1.641677527,444,200,0.040317282,1.356408882,0,,,0.041483369,,0.10840763,
445,200,,445,200,0.028129593,2.005419243,445,200,-0.019470501,2.165107115,445,200,-0.07496306,2.113625161,445,200,-0.026300125,2.180300014,0,,,0.036529618,,0.06851951,
446,200,,446,200,0.040519548,1.989763756,446,200,0.024003922,2.012796951,446,190,-0.06767636,2.527718142,446,200,-0.009393833,1.226777532,4.330127019,,,0.041373303,,0.46418546,
447,200,,447,187,0.084044295,2.038789459,447,200,0.043964502,2.040083849,447,200,0.002668939,2.006324726,447,200,-0.026922233,1.87969296,5.629165125,,,0.041943264,,0.065796965,
448,200,,448,200,0.01231955,1.994157765,448,200,0.052022713,1.685690219,448,200,-0.046470558,1.907733849,448,200,0.029911505,1.57011333,0,,,0.036542907,,0.169389346,
449,200,,449,200,0.02256861,1.745260032,449,200,0.042915601,2.160297376,449,200,-0.006510342,2.029063576,449,200,-0.000342684,1.175093673,0,,,0.019584362,,0.378731713,
450,200,,450,200,0.058139961,1.874798578,450,200,0.04098147,1.932108219,450,200,0.03489847,1.111631924,450,200,0.038821728,2.020446508,0,,,0.008891127,,0.363477132,
451,200,,451,200,0.134809162,2.356619727,451,200,-0.021394653,2.907939191,451,200,-0.07907829,1.518816326,451,200,0.030226046,1.556131909,0,,,0.078670451,,0.581221029,
452,200,,452,200,0.249098587,2.697822174,452,200,-0.014964248,1.934943275,452,200,0.031897389,1.854442619,452,200,0.063671049,1.976751643,0,,,0.100211651,,0.338784942,
453,184,,453,200,0.038311478,2.260140738,453,200,0.035592775,0.760381912,453,200,0.132677697,4.272378598,453,197,0.173280506,3.777000495,1.299038106,,,0.059770914,,1.375653234,
454,200,,454,174,0.173385857,1.755600786,454,200,0.050528432,0.967907981,454,172,0.186168143,4.007098515,454,185,0.163664751,2.53385664,11.12148821,,,0.054231099,,1.122349658,
455,200,,455,195,0.125308949,1.574671437,455,200,0.106527945,1.637554648,455,200,0.093655375,1.380187397,455,200,-0.073157519,2.01098405,2.165063509,,,0.07946018,,0.228546887,
456,200,,456,200,-0.118904169,1.276379415,456,200,-0.078643138,2.526841719,456,200,0.166989561,2.085545817,456,183,-0.02731923,1.948625661,7.361215932,,,0.109678351,,0.448479673,
457,200,,457,172,0.050975547,1.765947397,457,188,0.027249611,1.455978483,457,173,0.081224567,1.849723447,457,194,0.100271632,1.439602821,9.496709957,,,0.027969101,,0.182534607,
458,147,,458,162,0.093114547,2.505304922,458,200,-0.105042746,1.588808354,458,200,0.012525083,1.164335518,458,187,0.072502777,1.523391242,15.51410648,,,0.077106967,,0.494703003,
459,113,,459,127,0.06998757,1.235120168,459,182,0.08862466,1.891825675,459,186,0.028331072,1.710979361,459,124,0.1875383,2.555252514,29.30337011,,,0.058452409,,0.473424441,
460,173,,460,130,0.070103914,1.311689331,460,132,0.00322088,1.243304128,460,193,0.137995719,1.49340781,460,152,0.019163234,1.153204091,25.32168043,,,0.052569695,,0.124805887,
461,139,,461,137,0.004939961,1.104358754,461,182,0.052735148,0.823570166,461,127,0.032574372,1.198301686,461,143,0.038668626,0.948549932,20.8611481,,,0.017369383,,0.143693138,
462,175,,462,136,0.025391202,1.105783073,462,127,0.007452933,1.140032808,462,166,0.063383908,0.799614825,462,177,0.05052253,0.81127549,20.62159063,,,0.021716195,,0.159245978,
463,143,,463,144,0.050022091,0.969875439,463,135,0.102134744,1.162632532,463,136,-0.082699782,1.057904223,463,156,0.103540624,1.187542956,8.40758586,,,0.075847843,,0.086846942,
464,140,,464,154,0.052015122,0.912953313,464,135,0.043784444,1.053940837,464,179,0.052500374,0.74894379,464,143,-0.034296191,0.967241003,16.58877633,,,0.036420992,,0.111219797,
465,150,,465,121,0.015505886,1.003884173,465,119,0.098201331,1.27557036,465,192,0.089032125,0.755132169,465,163,-0.041478439,1.929204186,30.53174577,,,0.057074172,,0.437924527,
466,142,,466,148,0.066556148,1.229262406,466,121,0.042382862,1.222803541,466,189,0.042398178,0.756982981,466,130,0.083542494,1.243830751,26.12470096,,,0.017398745,,0.205814464,
467,125,,467,172,0.028735418,1.161966605,467,156,-0.023488582,0.965353045,467,126,0.055408612,0.997061024,467,124,0.015088874,1.202380997,20.31624965,,,0.028464564,,0.10211146,
468,192,,468,135,0.041913502,1.092345974,468,144,0.086621596,1.467966357,468,120,-0.044343533,1.181350171,468,147,0.119297658,1.061110433,10.5,,,0.06145396,,0.16049265,
469,142,,469,135,0.030321827,1.178232972,469,181,0.064467594,1.073313281,469,160,0.077268929,1.048928158,469,175,0.015316813,1.017356185,17.75352078,,,0.02501606,,0.060379962,
470,121,,470,166,0.07728391,0.671015709,470,121,0.017562492,1.279748677,470,159,0.032052197,1.03327384,470,144,-0.006625739,1.061986937,17.24093965,,,0.030561812,,0.218466208,
471,154,,471,136,0.07087476,0.856842282,471,94,-0.084213005,1.873897743,471,144,0.005026502,1.100861002,471,141,0.026364579,0.884494013,20.26542622,,,0.056466677,,0.41216136,
472,127,,472,126,-0.006927729,1.039371969,472,119,0.031584269,1.050000087,472,119,-0.003284811,1.103668927,472,153,0.038805105,0.75169056,14.00669483,,,0.020352351,,0.137560291,
473,127,,473,74,-0.020767674,3.369795779,473,106,0.005731183,1.311761218,473,166,0.040884826,0.777769887,473,126,-0.036139914,1.803121361,33.346664,,,0.029220395,,0.96781004,
474,134,,474,112,0.154464827,2.179345549,474,77,-0.00406445,2.282788259,474,155,-0.055158825,1.481842256,474,83,0.036037555,1.6249224,30.84132779,,,0.077311954,,0.344544099,
475,121,,475,137,0.070094818,1.074543515,475,190,0.209489556,2.036963247,475,95,-0.055880421,1.456564335,475,126,0.269703068,2.943026789,34.25638627,,,0.126292222,,0.704042171,
476,134,,476,156,0.012145842,1.112560739,476,155,0.009104238,0.956961356,476,122,0.192347028,3.330839074,476,166,0.007778095,0.911246977,16.58877633,,,0.079114698,,1.014806272,
477,162,,477,132,-0.031363398,1.07348118,477,118,0.106489822,1.135156295,477,164,-0.011400922,1.015770496,477,129,0.03257547,1.077617394,17.12271883,,,0.052906564,,0.042234601,
478,138,,478,197,-0.035174695,0.594689129,478,141,0.074959492,1.150156209,478,161,0.02951861,0.879897898,478,135,-0.01104583,0.98188383,24.22292303,,,0.04183616,,0.201798745,
479,150,,479,131,0.066786542,1.113826388,479,134,-0.013526983,0.994360792,479,155,0.020730359,0.926836394,479,114,-0.004099798,1.132198928,14.56880228,,,0.031099921,,0.084892396,
480,200,,480,150,0.047422759,1.095377809,480,145,0.027235878,0.88444237,480,173,0.005398601,0.750773301,480,200,-0.00437144,0.678198047,21.78302091,,,0.020042957,,0.158697095,
481,200,,481,200,-0.030516145,1.850538881,481,173,0.157664049,1.027400711,481,145,0.054756979,1.044438242,481,131,0.064194573,1.206440176,26.52710878,,,0.066646871,,0.335485456,
482,152,,482,164,-0.060315029,1.03264946,482,166,-0.022015423,0.997053843,482,197,0.065248313,1.156902362,482,149,0.037781738,1.116578241,17.44992837,,,0.049244962,,0.063842353,
483,156,,483,195,0.068140791,1.119226699,483,200,-0.012655218,0.972433145,483,163,-0.054896073,1.053986475,483,200,-0.070778217,1.36271854,15.43534904,,,0.053839676,,0.145641262,
484,154,,484,141,0.077577213,1.214523659,484,134,0.207583547,1.761166495,484,148,-0.043022969,1.104173811,484,149,0.145357743,1.381304579,6.041522987,,,0.092939234,,0.248941168,
485,170,,485,200,-0.074900038,2.090820303,485,163,-0.0528636,1.019229118,485,200,0.140953547,1.190307693,485,123,0.049919998,1.160197271,31.81587654,,,0.086268142,,0.423920422,
486,200,,486,200,0.030819792,1.153675973,486,200,-0.045980304,0.896187672,486,122,0.003522603,1.200101276,486,168,0.00984918,1.075393701,31.94917839,,,0.028163199,,0.115816101,
487,200,,487,200,-0.132186583,1.949018762,487,200,0.108666962,1.682912549,487,200,0.031688114,1.477007059,487,181,0.113267073,1.116772481,8.227241336,,,0.09928333,,0.304027346,
488,200,,488,200,-0.073000154,1.939124981,488,200,0.013275062,1.899960332,488,200,-0.0146482,1.948909277,488,200,0.055151678,1.476127868,0,,,0.046554161,,0.197095812,
489,200,,489,200,0.027744199,1.618558745,489,200,-0.024483653,2.441772003,489,200,0.083298591,2.551183287,489,200,-0.039275744,1.825515261,0,,,0.048196212,,0.395966925,
490,156,,490,200,0.047125538,1.101814171,490,180,0.08554157,1.918909889,490,200,-0.09844167,2.263611024,490,200,0.057823259,1.427461892,8.660254038,,,0.071509138,,0.44602054,
491,200,,491,184,0.043221978,0.979155131,491,156,0.104040513,1.838738847,491,200,-0.094416281,2.546070997,491,155,0.137450555,1.433622315,19.10987964,,,0.088665724,,0.575686013,
492,164,,492,197,0.033406027,0.850406517,492,196,-0.009164336,0.800562861,492,200,0.139207126,1.971412328,492,200,-0.002736808,1.062712131,1.785357107,,,0.059432681,,0.472331905,
493,162,,493,134,0.023843102,1.174040411,493,179,0.038810397,1.093403173,493,141,0.025184379,1.331982923,493,127,0.028603358,1.113730047,20.10441494,,,0.005863128,,0.093559252,
494,160,,494,178,0.065384883,0.807355245,494,200,0.033508225,0.85336378,494,171,0.055053591,1.260850977,494,136,0.06526742,1.296788298,22.99320552,,,0.012990483,,0.225178053,
495,147,,495,200,0.021444469,0.886834126,495,191,0.060891598,0.799074462,495,200,-0.050863372,2.124027166,495,166,0.095881204,1.269370564,13.91716566,,,0.054527942,,0.523915457,
496,151,,496,142,0.050813153,1.050558194,496,149,0.073928763,1.064616855,496,145,0.138542042,1.33864143,496,124,0.04491932,1.288343533,9.565563235,,,0.037120635,,0.129277907,
497,200,,497,186,0.017091691,0.997765628,497,147,0.05868653,1.313192311,497,167,0.034244256,0.977530426,497,150,0.028839322,1.037884177,15.56438242,,,0.015165425,,0.135466555,
498,149,,498,187,0.07241251,1.370663461,498,151,0.028549072,1.181081706,498,172,0.097135457,1.25279327,498,147,0.060590814,1.274326925,16.20763709,,,0.024674448,,0.067738592,
499,132,,499,141,0.077001507,1.205975468,499,134,0.020069101,1.338432273,499,191,0.012913638,0.882491043,499,168,0.057808202,1.269762253,22.65502152,,,0.026466841,,0.174791429,
